ticker,topic,percentage
AAN,1,0.065674536
AAN,9,0.9082821
AAOI,0,0.21956965
AAOI,1,0.012872891
AAOI,9,0.019794604
AAOI,24,0.34123003
AAOI,40,0.40250665
AAPL,1,0.025021235
AAPL,9,0.4553389
AAPL,40,0.5121463
ABBV,8,0.15522833
ABBV,10,0.016249636
ABBV,18,0.09676805
ABBV,23,0.35635707
ABBV,31,0.3623138
ABC,1,0.06719562
ABC,8,0.34276515
ABC,12,0.016684335
ABC,23,0.01601131
ABC,25,0.42053172
ABC,33,0.05165549
ABC,47,0.084358275
ABEO,23,0.026814107
ABEO,48,0.97318316
ABEOW,23,0.026814403
ABEOW,48,0.9731829
ABIO,12,0.032069977
ABIO,18,0.14539279
ABIO,23,0.73591495
ABIO,25,0.05970709
ABIO,41,0.01676599
ABUS,18,0.030106181
ABUS,23,0.18048134
ABUS,30,0.7762708
ABUS,49,0.010928859
ACER,18,0.48678198
ACER,23,0.5088438
ACIA,0,0.019743642
ACIA,1,0.0426129
ACIA,9,0.3830631
ACIA,24,0.06351532
ACIA,40,0.484178
ACIW,1,0.51678264
ACIW,24,0.25684884
ACIW,40,0.21127786
ACLS,0,0.03605683
ACLS,5,0.019601628
ACLS,24,0.6287397
ACLS,25,0.1301486
ACLS,40,0.18505852
ADMP,23,0.95698595
ADMP,47,0.031507097
ADMS,18,0.012296996
ADMS,23,0.98692214
AGIO,18,0.98475856
AGN,0,0.045319475
AGN,1,0.02898889
AGN,8,0.25313127
AGN,23,0.5429744
AGN,25,0.10849326
AIMT,18,0.32331476
AIMT,23,0.10947617
AIMT,41,0.5414074
AIMT,49,0.014567685
AIPT,1,0.029968988
AIPT,5,0.019105967
AIPT,22,0.0325696
AIPT,23,0.032585476
AIPT,24,0.058237046
AIPT,25,0.75216275
AIPT,39,0.018755984
AIPT,40,0.02117733
AIPT,49,0.014720273
AKAO,18,0.014568963
AKAO,23,0.98290783
AKBA,0,0.112945296
AKBA,18,0.14853728
AKBA,23,0.11926964
AKBA,41,0.015267535
AKBA,46,0.60212356
AL,0,0.01210326
AL,5,0.9875775
ALBO,18,0.98425883
ALDR,18,0.29092482
ALDR,23,0.69287914
ALGN,0,0.011217596
ALGN,23,0.05212074
ALGN,24,0.70874125
ALGN,25,0.17631435
ALGN,39,0.01031928
ALGN,40,0.024064057
ALIM,0,0.023016794
ALIM,1,0.07341359
ALIM,18,0.17879628
ALIM,23,0.19740355
ALIM,25,0.049170647
ALIM,40,0.01673884
ALIM,48,0.401606
ALIM,49,0.043312415
ALKS,8,0.0540452
ALKS,18,0.032103587
ALKS,23,0.44691315
ALKS,46,0.46663058
ALNA,18,0.91411984
ALNA,23,0.0121307755
ALNA,41,0.062824704
ALPN,18,0.45976156
ALPN,23,0.18522504
ALPN,40,0.026059924
ALPN,49,0.30034
ALQA,0,0.0627068
ALQA,1,0.09128241
ALQA,23,0.30101392
ALQA,25,0.54249454
ALRN,0,0.14441411
ALRN,11,0.016213335
ALRN,18,0.8385891
ALT,18,0.14066327
ALT,23,0.5603942
ALT,36,0.19971685
ALT,49,0.08148153
AMAG,8,0.032928973
AMAG,22,0.020175748
AMAG,23,0.8062669
AMAG,25,0.06497523
AMAG,36,0.013746988
AMAG,41,0.044098213
AMAG,48,0.012198284
AMD,0,0.029074991
AMD,13,0.0132973725
AMD,24,0.105047695
AMD,25,0.030991578
AMD,40,0.8026899
AMED,1,0.07660589
AMED,25,0.71739286
AMED,33,0.20529673
AMGN,8,0.15930212
AMGN,10,0.045719918
AMGN,18,0.059186034
AMGN,23,0.021433163
AMGN,24,0.0101567125
AMGN,25,0.05025849
AMGN,41,0.6363359
AMSWA,1,0.13568842
AMSWA,9,0.011609237
AMSWA,10,0.014926978
AMSWA,15,0.3757546
AMSWA,40,0.44865236
ANET,1,0.52513224
ANET,13,0.07284663
ANET,40,0.38987735
ANGO,0,0.041498203
ANGO,23,0.06914847
ANGO,24,0.05543571
ANGO,25,0.8269243
ANIK,1,0.017448679
ANIK,7,0.02581387
ANIK,10,0.050677225
ANIK,18,0.010773773
ANIK,23,0.4480835
ANIK,25,0.39354464
ANIK,40,0.02108966
ANIK,49,0.010427439
ANTM,0,0.10727454
ANTM,1,0.121082954
ANTM,25,0.7401755
ANTM,33,0.025772585
ANY,1,0.9299205
ANY,24,0.016362006
ANY,40,0.052053954
AOSL,0,0.054705393
AOSL,1,0.043213528
AOSL,24,0.79720426
AOSL,25,0.043439798
AOSL,40,0.059650578
APHB,18,0.0565273
APHB,23,0.8589412
APHB,49,0.07736064
APPF,1,0.23186691
APPF,15,0.10898574
APPF,40,0.6569392
APPN,1,0.16691247
APPN,15,0.06971579
APPN,40,0.7586467
APT,0,0.45756367
APT,1,0.015096147
APT,9,0.02044878
APT,14,0.01841431
APT,23,0.05039038
APT,24,0.19706245
APT,25,0.055442084
APT,33,0.021853013
APT,36,0.010707325
APT,40,0.13747375
APTI,1,0.3282389
APTI,40,0.6411217
AQUA,0,0.08127086
AQUA,1,0.23622924
AQUA,5,0.5554609
AQUA,15,0.026251698
AQUA,23,0.025035463
AQUA,25,0.010497381
AQUA,40,0.051391475
AQXP,18,0.4617643
AQXP,23,0.5232344
ARA,0,0.023521658
ARA,1,0.034902126
ARA,14,0.018237961
ARA,25,0.7328882
ARA,33,0.06034399
ARA,49,0.113313034
ARDM,18,0.09043111
ARDM,23,0.39371312
ARDM,30,0.51399237
ARRY,18,0.7543649
ARRY,23,0.20749252
ARRY,25,0.028496431
ASMB,18,0.525474
ASMB,23,0.4241668
ASMB,30,0.038385853
ASMB,49,0.011747754
ASNS,18,0.78851104
ASNS,23,0.17975673
ASNS,49,0.022524511
ASYS,9,0.020594588
ASYS,24,0.96412665
ATHX,18,0.15465565
ATHX,22,0.056332268
ATHX,23,0.17795013
ATHX,25,0.040817745
ATHX,49,0.5533488
ATNX,0,0.0182532
ATNX,1,0.014476093
ATNX,8,0.030903833
ATNX,18,0.7928678
ATNX,23,0.068585195
ATNX,24,0.025601307
ATNX,25,0.039993152
ATOM,0,0.03021511
ATOM,1,0.032782204
ATOM,19,0.17042571
ATOM,24,0.4180321
ATOM,40,0.34853604
ATRA,18,0.8230612
ATRA,49,0.15959387
ATRC,0,0.01276025
ATRC,18,0.019694334
ATRC,23,0.10100356
ATRC,25,0.84383255
ATRS,8,0.041706152
ATRS,23,0.9396093
ATRS,25,0.016664179
ATU,0,0.21682544
ATU,1,0.066981055
ATU,5,0.3653223
ATU,16,0.013185027
ATU,24,0.1763457
ATU,28,0.014256577
ATU,40,0.13593066
AVDL,8,0.023498623
AVDL,23,0.9673432
AVEO,18,0.9829846
AVEO,23,0.014698009
AVGR,0,0.06429456
AVGR,1,0.03235263
AVGR,3,0.0383641
AVGR,11,0.0100843515
AVGR,18,0.024219794
AVGR,23,0.14107142
AVGR,25,0.6829632
AVID,1,0.17481832
AVID,40,0.81570023
AVNS,0,0.44029424
AVNS,1,0.024893941
AVNS,5,0.024779798
AVNS,8,0.02068047
AVNS,25,0.4585318
AWRE,40,0.9969351
AZPN,1,0.017437508
AZPN,5,0.14969966
AZPN,15,0.017427217
AZPN,17,0.034828294
AZPN,24,0.037045877
AZPN,28,0.030579505
AZPN,40,0.7084909
BABY,23,0.051744822
BABY,24,0.020321546
BABY,25,0.82470423
BABY,29,0.024293547
BABY,40,0.06489668
BASI,1,0.097668305
BASI,8,0.017081859
BASI,12,0.062324405
BASI,18,0.016179962
BASI,23,0.36438373
BASI,25,0.08817669
BASI,28,0.2925406
BASI,40,0.028639529
BASI,49,0.013885551
BBOX,0,0.13995793
BBOX,1,0.5359377
BBOX,5,0.0292166
BBOX,15,0.06517421
BBOX,24,0.04351705
BBOX,40,0.17483422
BCACR,1,0.9997607
BCLI,18,0.013010283
BCLI,23,0.012689294
BCLI,49,0.96049047
BCOV,0,0.013202057
BCOV,1,0.016011933
BCOV,40,0.97004604
BCRX,0,0.04468392
BCRX,18,0.0902167
BCRX,23,0.7639258
BCRX,31,0.03853497
BCRX,36,0.04634908
BDX,0,0.15702699
BDX,5,0.037451595
BDX,8,0.013274919
BDX,20,0.012411674
BDX,23,0.035011604
BDX,24,0.021540986
BDX,25,0.7080829
BEAT,23,0.017970033
BEAT,25,0.94321275
BEAT,40,0.030673444
BIOL,0,0.87026846
BIOL,23,0.013792388
BIOL,25,0.112278126
BKI,0,0.14657132
BKI,1,0.84689873
BKYI,0,0.011504467
BKYI,1,0.011098341
BKYI,25,0.017882906
BKYI,40,0.95800525
BLFS,0,0.014547889
BLFS,1,0.07620037
BLFS,5,0.0129620675
BLFS,22,0.017408764
BLFS,23,0.30089402
BLFS,24,0.013033916
BLFS,25,0.096656546
BLFS,40,0.22104923
BLFS,49,0.2380247
BLUE,18,0.023207756
BLUE,49,0.97193974
BMY,0,0.020875243
BMY,8,0.3209092
BMY,10,0.014997729
BMY,18,0.20776337
BMY,23,0.3818752
BMY,25,0.020858115
BMY,30,0.013310645
BMY,31,0.014286814
BNFT,1,0.87701964
BNFT,12,0.0205809
BNFT,25,0.043822605
BNFT,33,0.012054697
BNFT,40,0.042958766
BOLD,18,0.3913257
BOLD,23,0.108366795
BOLD,49,0.49165946
BSX,24,0.037763167
BSX,25,0.89724
BSX,40,0.036214747
CARA,18,0.6104979
CARA,23,0.3418304
CARA,29,0.03510523
CARB,0,0.057363145
CARB,1,0.10705266
CARB,15,0.06080108
CARB,40,0.76718456
CASI,8,0.05460273
CASI,12,0.013812266
CASI,18,0.46651483
CASI,23,0.33864143
CASI,24,0.08914875
CASI,41,0.026713965
CBIO,18,0.6707953
CBIO,23,0.23778163
CBIO,31,0.048870824
CBIO,49,0.042317446
CBLI,1,0.024254382
CBLI,12,0.012025701
CBLI,18,0.26458946
CBLI,23,0.56797504
CBLI,36,0.017937653
CBLI,39,0.054871928
CBLI,49,0.037374225
CBM,0,0.1867526
CBM,1,0.12656054
CBM,5,0.10410634
CBM,8,0.31880826
CBM,23,0.11240124
CBM,24,0.039863087
CBM,25,0.0153145185
CBM,28,0.043883238
CBM,40,0.04877187
CCRN,1,0.55889064
CCRN,25,0.11980276
CCRN,28,0.05269881
CCRN,33,0.26499778
CDNA,0,0.024407933
CDNA,1,0.010028874
CDNA,12,0.015116484
CDNA,22,0.010637378
CDNA,23,0.026311306
CDNA,25,0.7307725
CDNA,49,0.17550896
CELC,12,0.039395712
CELC,18,0.03993857
CELC,25,0.11616847
CELC,39,0.019455327
CELC,49,0.7835696
CELG,10,0.90588254
CELG,18,0.094113834
CELGZ,10,0.9058853
CELGZ,18,0.09411115
CERC,18,0.22160928
CERC,23,0.77715236
CERS,1,0.010830329
CERS,15,0.06599258
CERS,18,0.045169443
CERS,22,0.6076927
CERS,23,0.20478448
CERS,25,0.05975889
CEVA,24,0.2330347
CEVA,40,0.7654951
CHFS,0,0.071237884
CHFS,1,0.06905089
CHFS,18,0.027865997
CHFS,22,0.09439134
CHFS,23,0.22481796
CHFS,25,0.44626647
CHFS,29,0.04479718
CHFS,31,0.011974079
CHMA,11,0.9967746
CHRS,8,0.2072894
CHRS,13,0.017118454
CHRS,18,0.6401687
CHRS,23,0.10115861
CHRS,49,0.021983862
CIVI,0,0.19512214
CIVI,1,0.21741372
CIVI,25,0.42480353
CIVI,33,0.16113564
CLDR,1,0.10508667
CLDR,40,0.88858116
CLGX,0,0.12616083
CLGX,1,0.75320894
CLGX,40,0.109600395
CLSD,0,0.2349371
CLSD,11,0.049083576
CLSD,18,0.5218263
CLSD,23,0.04693611
CLSD,48,0.1439821
CMRX,18,0.20209758
CMRX,23,0.7891082
COLL,23,0.995418
CPAH,1,0.101971954
CPAH,12,0.013737369
CPAH,15,0.022179475
CPAH,40,0.8483603
CPIX,8,0.08141536
CPIX,22,0.010987712
CPIX,23,0.8898439
CPIX,33,0.0119825965
CRIS,18,0.9791552
CRIS,23,0.020182943
CRTO,3,0.99076647
CRY,22,0.029269574
CRY,25,0.9641773
CSBR,0,0.10066771
CSBR,1,0.12281036
CSBR,12,0.29430112
CSBR,18,0.18190472
CSBR,23,0.07499471
CSBR,25,0.0892945
CSBR,28,0.031472668
CSBR,40,0.03887446
CSBR,49,0.06278709
CSGS,0,0.013711554
CSGS,1,0.43477428
CSGS,15,0.07838352
CSGS,24,0.0686015
CSGS,25,0.010763094
CSGS,40,0.3784283
CSII,3,0.37038562
CSII,18,0.02131091
CSII,22,0.01830099
CSII,23,0.083718896
CSII,25,0.49295944
CSLT,1,0.66151357
CSLT,25,0.06555578
CSLT,40,0.26210043
CSPI,1,0.14002419
CSPI,15,0.015407081
CSPI,22,0.014105534
CSPI,24,0.09744712
CSPI,40,0.7115784
CTIC,0,0.033832874
CTIC,1,0.029334037
CTIC,10,0.023081172
CTIC,17,0.013498751
CTIC,18,0.79418546
CTIC,22,0.019082818
CTIC,23,0.06287419
CTLT,0,0.07956733
CTLT,1,0.07803043
CTLT,5,0.019481324
CTLT,8,0.1377346
CTLT,15,0.08462725
CTLT,23,0.2915711
CTLT,24,0.028887497
CTLT,25,0.02218484
CTLT,28,0.0807407
CTLT,40,0.14165439
CTMX,18,0.9467143
CTMX,23,0.013153343
CTMX,49,0.03387402
CTRV,18,0.44276536
CTRV,23,0.5185674
CTRV,30,0.032089204
CTS,0,0.15526733
CTS,1,0.09245312
CTS,5,0.1567292
CTS,23,0.015123404
CTS,24,0.32594088
CTS,33,0.012610669
CTS,40,0.22700034
CTSH,0,0.0484022
CTSH,1,0.40300086
CTSH,13,0.0140596535
CTSH,15,0.4055942
CTSH,24,0.020451622
CTSH,25,0.014274795
CTSH,28,0.019656153
CTSH,40,0.06318382
CTSO,18,0.10692011
CTSO,22,0.51366484
CTSO,23,0.03897569
CTSO,25,0.30796328
CTSO,36,0.018850507
CTXS,1,0.07987939
CTXS,15,0.097427264
CTXS,40,0.82001024
CUR,18,0.14612348
CUR,23,0.4691399
CUR,25,0.024124302
CUR,49,0.34118342
CVR,0,0.42685208
CVR,5,0.037279252
CVR,24,0.48152572
CVR,33,0.051438738
CVV,24,0.9909008
CY,0,0.14808753
CY,1,0.023501214
CY,24,0.4761923
CY,40,0.33920223
CYTK,18,0.93912804
CYTK,23,0.012702916
CYTK,38,0.021493724
CYTX,0,0.0199622
CYTX,1,0.075539276
CYTX,18,0.8447771
CYTX,22,0.011536375
CYTX,25,0.032091994
CYTXW,0,0.019616783
CYTXW,1,0.075797796
CYTXW,18,0.8448587
CYTXW,22,0.011596091
CYTXW,25,0.031444363
DDD,0,0.19244403
DDD,1,0.19849648
DDD,5,0.014178303
DDD,9,0.11169059
DDD,13,0.13715816
DDD,24,0.20678134
DDD,25,0.0155937625
DDD,40,0.10909352
DERM,0,0.019389264
DERM,18,0.7155993
DERM,23,0.24624646
DERM,41,0.010556049
DFFN,0,0.015135556
DFFN,1,0.019414734
DFFN,18,0.7890242
DFFN,23,0.11415694
DFFN,25,0.01287376
DFFN,39,0.030767523
DLHC,0,0.15817875
DLHC,1,0.5296357
DLHC,8,0.16860919
DLHC,23,0.03451497
DLHC,25,0.07434068
DNLI,18,0.70824504
DNLI,23,0.08615358
DNLI,49,0.19878781
DOV,0,0.088803686
DOV,1,0.06635123
DOV,5,0.67802477
DOV,9,0.03190468
DOV,24,0.014476739
DOV,25,0.062224526
DOV,40,0.042831507
DOVA,18,0.889515
DOVA,22,0.06136714
DOVA,23,0.040263705
DPLO,1,0.06229237
DPLO,8,0.039086733
DPLO,18,0.0143099055
DPLO,23,0.07340515
DPLO,25,0.615107
DPLO,47,0.1884528
DRAD,1,0.03438102
DRAD,13,0.029621882
DRAD,25,0.83116794
DRAD,40,0.08758983
DSPG,24,0.27433237
DSPG,40,0.72475207
DVA,25,0.89267087
DVA,33,0.100004956
DVMT,15,0.99999696
DXC,0,0.12535559
DXC,1,0.8386598
DXC,24,0.01565465
DXR,22,0.9999964
EBIX,0,0.120095894
EBIX,1,0.59385276
EBIX,14,0.17214221
EBIX,40,0.11256811
EFII,9,0.99734867
EGAN,1,0.25522488
EGAN,15,0.14406826
EGAN,40,0.595029
EHC,25,0.7474976
EHC,33,0.2523274
EIGI,0,0.1998097
EIGI,1,0.17719848
EIGI,40,0.61137974
EIGR,18,0.31460944
EIGR,23,0.21706599
EIGR,30,0.0135041885
EIGR,41,0.4241107
EIGR,49,0.02975476
ELGX,18,0.036270153
ELGX,23,0.04349037
ELGX,25,0.9029673
ELLI,1,0.9441718
ELLI,40,0.05530583
ENDP,8,0.51621664
ENDP,23,0.42150915
ENDP,25,0.0556823
ENPH,1,0.26639435
ENPH,5,0.040363517
ENPH,9,0.48636118
ENPH,24,0.022856174
ENPH,40,0.18087722
ENTA,18,0.82184994
ENTA,23,0.056971118
ENTA,30,0.065363474
ENTA,31,0.04274258
ENTA,36,0.010030887
EPAM,0,0.010431
EPAM,1,0.65933686
EPAM,15,0.013157066
EPAM,24,0.025694355
EPAM,28,0.04554549
EPAM,40,0.24242091
EPZM,18,0.9839159
EPZM,49,0.015458554
ERII,5,0.9847392
ERII,40,0.01525484
ESRX,0,0.015115236
ESRX,1,0.015268996
ESRX,8,0.08341811
ESRX,13,0.042688515
ESRX,23,0.029479
ESRX,25,0.6400889
ESRX,33,0.026761213
ESRX,47,0.14717747
ETN,5,0.18440624
ETN,24,0.07037195
ETN,28,0.745189
EVFM,1,0.020056235
EVFM,18,0.16230187
EVFM,23,0.49660432
EVFM,36,0.3148985
EVOL,0,0.07008248
EVOL,1,0.088341326
EVOL,40,0.840095
EVTC,0,0.40859392
EVTC,1,0.46474048
EVTC,40,0.1266619
EW,24,0.03039199
EW,25,0.9491879
EXEL,18,0.9918114
FATE,18,0.39674953
FATE,23,0.01813679
FATE,49,0.58378136
FB,0,0.10211545
FB,1,0.020701496
FB,3,0.071806
FB,40,0.8053726
FCSC,1,0.010937756
FCSC,14,0.05427504
FCSC,18,0.22233857
FCSC,23,0.4538826
FCSC,25,0.016529374
FCSC,48,0.047651123
FCSC,49,0.18607064
FDS,0,0.108642586
FDS,1,0.4811072
FDS,14,0.07070098
FDS,40,0.30350867
FEYE,1,0.4081385
FEYE,40,0.5852772
FFIV,1,0.015665274
FFIV,15,0.012564942
FFIV,24,0.22273707
FFIV,40,0.74282926
FGEN,18,0.23047446
FGEN,22,0.020908423
FGEN,41,0.7299728
FIT,0,0.03500569
FIT,1,0.017176958
FIT,3,0.03742764
FIT,9,0.15665655
FIT,25,0.040116366
FIT,40,0.70137584
FIVN,1,0.18379861
FIVN,15,0.3073096
FIVN,40,0.4992586
FLEX,0,0.031882226
FLEX,1,0.11899411
FLEX,5,0.057778463
FLEX,9,0.049687367
FLEX,21,0.016596256
FLEX,24,0.39795893
FLEX,25,0.028957823
FLEX,40,0.28582945
FLGT,1,0.011583444
FLGT,12,0.40903124
FLGT,25,0.55847996
FLGT,40,0.014634354
FLKS,3,0.042905256
FLKS,18,0.10317094
FLKS,23,0.8180225
FLKS,29,0.0124917
FSCT,1,0.030376375
FSCT,25,0.03201
FSCT,40,0.9275958
GALT,1,0.01139767
GALT,13,0.04967823
GALT,18,0.89082646
GALT,30,0.010478509
GALT,36,0.011964892
GBT,18,0.5147323
GBT,22,0.01579472
GBT,23,0.171488
GBT,41,0.012383151
GBT,49,0.27830133
GNMX,12,0.023233138
GNMX,18,0.7017714
GNMX,23,0.20639692
GNMX,25,0.030789614
GNMX,49,0.032237355
GTES,0,0.29068807
GTES,1,0.30728728
GTES,5,0.29305914
GTES,23,0.014070488
GTES,24,0.04024484
GTES,40,0.054457188
GWPH,0,0.3060829
GWPH,23,0.6849109
HAIR,18,0.07875706
HAIR,23,0.1560878
HAIR,25,0.71745545
HAIR,40,0.03307982
HALO,10,0.29232767
HALO,18,0.64081496
HALO,23,0.021700855
HALO,49,0.021582263
HIVE,1,0.11348246
HIVE,15,0.1429445
HIVE,40,0.73244554
HLF,0,0.06966587
HLF,1,0.16001031
HLF,3,0.017639434
HLF,23,0.021136176
HLF,25,0.04393201
HLF,31,0.6150999
HLF,40,0.06917858
HNGR,0,0.09702573
HNGR,1,0.037423406
HNGR,23,0.020417927
HNGR,25,0.80487543
HNGR,33,0.040253002
HOLX,24,0.04729939
HOLX,25,0.8193515
HOLX,36,0.028544424
HOLX,39,0.050900187
HOLX,40,0.027966825
HOLX,49,0.012586735
HPE,0,0.018231161
HPE,1,0.7782469
HPE,5,0.032956574
HPE,8,0.010428957
HPE,15,0.028711496
HPE,24,0.07488002
HPE,40,0.047031976
HPQ,0,0.018004656
HPQ,1,0.5515268
HPQ,5,0.0646573
HPQ,9,0.118664935
HPQ,24,0.09764469
HPQ,40,0.13569884
HSII,0,0.0435614
HSII,1,0.80002594
HSII,8,0.07599675
HSII,28,0.07494033
HSKA,0,0.14392668
HSKA,1,0.041895974
HSKA,12,0.5468034
HSKA,23,0.059548806
HSKA,24,0.05259172
HSKA,25,0.05269149
HSKA,40,0.08729644
HSTM,1,0.5216293
HSTM,25,0.28453016
HSTM,33,0.050007984
HSTM,40,0.1188534
HZNP,8,0.02832871
HZNP,18,0.01012076
HZNP,23,0.9406501
IART,25,0.98557305
ICAD,1,0.029013261
ICAD,13,0.012289609
ICAD,23,0.02884904
ICAD,25,0.29859236
ICAD,39,0.5332854
ICAD,40,0.07105397
ICUI,5,0.016206916
ICUI,8,0.017346729
ICUI,20,0.046093315
ICUI,23,0.066027924
ICUI,24,0.03660235
ICUI,25,0.77413464
ICUI,40,0.021758951
IDTI,0,0.10745496
IDTI,24,0.39160594
IDTI,40,0.49587974
IEC,0,0.050356794
IEC,1,0.1260362
IEC,5,0.02657335
IEC,9,0.025095506
IEC,14,0.020566652
IEC,24,0.28849852
IEC,25,0.14419769
IEC,40,0.31635103
IMDZ,18,0.44854966
IMDZ,23,0.13878712
IMDZ,25,0.012631366
IMDZ,36,0.06101454
IMDZ,49,0.33765987
IMMR,13,0.7729348
IMMR,40,0.2270612
IMMU,0,0.040224947
IMMU,1,0.030652234
IMMU,18,0.7033368
IMMU,23,0.12476475
IMMU,25,0.06928215
IMMU,39,0.016135933
INAP,0,0.09725483
INAP,1,0.2784477
INAP,5,0.016362216
INAP,40,0.5954603
INFI,18,0.9458987
INFI,23,0.05111083
INFU,0,0.032696277
INFU,1,0.058065027
INFU,18,0.057931334
INFU,20,0.07332887
INFU,25,0.71807706
INFU,33,0.0107751
INFU,39,0.02374425
INFU,48,0.023118543
INO,23,0.07800504
INO,36,0.8999166
INO,49,0.021229746
INOV,1,0.48746446
INOV,13,0.0105043035
INOV,25,0.24993503
INOV,40,0.24115905
INS,1,0.25749287
INS,24,0.3226426
INS,40,0.41983724
INSM,18,0.11494504
INSM,23,0.857195
INSM,41,0.013772118
INSY,23,0.9860648
IPG,0,0.056298062
IPG,1,0.20041192
IPG,3,0.044494215
IPG,28,0.60596013
IPG,31,0.02142643
IPG,40,0.06353174
IRMD,0,0.021161603
IRMD,1,0.01418702
IRMD,20,0.51150465
IRMD,23,0.056229565
IRMD,25,0.30000636
IRMD,40,0.093932636
IRWD,8,0.019264054
IRWD,23,0.9682969
ISR,39,0.9899897
ISRG,23,0.028775103
ISRG,25,0.87193966
ISRG,39,0.014752285
ISRG,40,0.0714368
ISSC,5,0.30936196
ISSC,13,0.42676845
ISSC,40,0.25254637
ITCI,18,0.835044
ITCI,23,0.04173414
ITCI,41,0.042738758
ITCI,46,0.07713012
IVAC,0,0.02720539
IVAC,1,0.026713787
IVAC,5,0.013061979
IVAC,9,0.35136887
IVAC,23,0.04081726
IVAC,24,0.4568445
IVAC,25,0.02003219
IVAC,40,0.0547203
JBL,0,0.052771322
JBL,1,0.1711154
JBL,5,0.03829678
JBL,14,0.08130478
JBL,15,0.012564294
JBL,24,0.42762423
JBL,25,0.051843274
JBL,40,0.155091
JBT,0,0.11924357
JBT,1,0.016189741
JBT,5,0.4160242
JBT,14,0.016676217
JBT,24,0.10592634
JBT,25,0.17683698
JBT,31,0.0290621
JBT,40,0.10491725
JCOM,0,0.09948453
JCOM,1,0.097797446
JCOM,3,0.13711114
JCOM,24,0.019284375
JCOM,25,0.047774386
JCOM,40,0.5846965
JNCE,18,0.9221045
JNCE,49,0.07753361
JNPR,1,0.07418656
JNPR,15,0.28834164
JNPR,24,0.118198454
JNPR,40,0.515877
KALV,18,0.83692175
KALV,23,0.08465157
KALV,31,0.031809483
KALV,48,0.04039003
KELYA,17,0.991675
KELYB,17,0.99138683
KFRC,0,0.010194257
KFRC,1,0.8963096
KFRC,28,0.085367225
KIDS,23,0.11737343
KIDS,25,0.8694816
KPTI,10,0.010501701
KPTI,18,0.9837577
KVHI,0,0.023879228
KVHI,5,0.023816418
KVHI,40,0.93726814
LCI,0,0.020431412
LCI,8,0.27352187
LCI,23,0.6607701
LCI,25,0.029995324
LDOS,1,0.22938518
LDOS,5,0.038205557
LDOS,8,0.5577909
LDOS,15,0.011360273
LDOS,23,0.0163591
LDOS,40,0.12333634
LEAF,0,0.054079395
LEAF,1,0.20956066
LEAF,3,0.23973204
LEAF,40,0.49394357
LECO,0,0.15007094
LECO,1,0.07389813
LECO,5,0.21424311
LECO,24,0.1627557
LECO,25,0.018755313
LECO,28,0.02393163
LECO,33,0.30837247
LECO,40,0.047955915
LFVN,1,0.011768521
LFVN,3,0.4753981
LFVN,12,0.36828208
LFVN,31,0.13973989
LH,12,0.06300571
LH,23,0.047139917
LH,25,0.8083312
LH,28,0.045205683
LH,49,0.024467027
LHCG,0,0.016255327
LHCG,1,0.055284806
LHCG,25,0.7362935
LHCG,33,0.19216369
LJPC,18,0.46485338
LJPC,22,0.03217173
LJPC,23,0.475517
LJPC,41,0.019249631
LLL,0,0.01257296
LLL,5,0.08662686
LLL,8,0.7481764
LLL,40,0.1469558
LLY,0,0.049259555
LLY,7,0.022172816
LLY,8,0.29873663
LLY,10,0.024654416
LLY,12,0.07667615
LLY,18,0.18927367
LLY,23,0.20423542
LLY,25,0.07164494
LLY,31,0.017135015
LLY,33,0.012038598
LLY,39,0.010054809
LLY,41,0.011731911
LNTH,3,0.010616927
LNTH,13,0.26834613
LNTH,18,0.09163446
LNTH,23,0.26667792
LNTH,25,0.31972435
LNTH,39,0.014487413
LOXO,18,0.9922725
LRCX,0,0.016042471
LRCX,24,0.9517239
LRCX,40,0.012721534
LUNA,0,0.13919057
LUNA,1,0.0652348
LUNA,5,0.2589356
LUNA,9,0.030937675
LUNA,12,0.01319298
LUNA,14,0.010239024
LUNA,23,0.07017718
LUNA,24,0.094784625
LUNA,25,0.03269268
LUNA,40,0.2789316
MACK,18,0.96669066
MACK,25,0.023832003
MAN,1,0.016302219
MAN,28,0.9836915
MB,0,0.015861198
MB,1,0.19607921
MB,40,0.785825
MBRX,0,0.018724091
MBRX,18,0.9409532
MBRX,49,0.020693617
MCK,0,0.014787971
MCK,1,0.19355798
MCK,8,0.229322
MCK,25,0.39642593
MCK,40,0.031144504
MCK,47,0.12101429
MCRB,18,0.70903313
MCRB,23,0.17408547
MCRB,36,0.01286903
MCRB,49,0.10242975
MDB,1,0.07197559
MDB,40,0.9255248
MDSO,1,0.20185895
MDSO,18,0.07047605
MDSO,23,0.050160438
MDSO,25,0.018987415
MDSO,28,0.11649503
MDSO,40,0.48936516
MDSO,42,0.027027026
MDT,1,0.016573988
MDT,8,0.011745415
MDT,23,0.079095036
MDT,25,0.8602768
MICR,0,0.0426378
MICR,5,0.08134888
MICR,23,0.012537271
MICR,24,0.32801193
MICR,25,0.35877925
MICR,40,0.1623501
MITL,0,0.029308403
MITL,1,0.2849053
MITL,24,0.022739667
MITL,40,0.64782345
MLNT,1,0.011183114
MLNT,23,0.9780344
MLNX,0,0.024872346
MLNX,1,0.083444804
MLNX,24,0.5163813
MLNX,40,0.36810926
MLSS,25,0.52239054
MLSS,29,0.021799274
MLSS,36,0.45059526
MMM,5,0.14291435
MMM,9,0.04646166
MMM,24,0.2815579
MMM,46,0.5238246
MNK,1,0.029109897
MNK,8,0.26643416
MNK,22,0.010778557
MNK,23,0.5958988
MNK,25,0.077371955
MNTA,8,0.65704596
MNTA,18,0.28476635
MNTA,23,0.043318436
MNTA,49,0.013354437
MOH,0,0.9780543
MOH,33,0.014631559
MRNS,18,0.41164842
MRNS,23,0.583296
MRVL,0,0.09042073
MRVL,1,0.17819516
MRVL,24,0.40357518
MRVL,40,0.31988084
MSI,0,0.121553086
MSI,1,0.15601704
MSI,5,0.07297187
MSI,15,0.0100853
MSI,23,0.01526606
MSI,24,0.05698025
MSI,40,0.5581021
MSTR,0,0.024007406
MSTR,1,0.015428167
MSTR,15,0.078607164
MSTR,40,0.8799463
MTCH,0,0.3914588
MTCH,1,0.09823619
MTCH,3,0.038777247
MTCH,40,0.4715234
MTEM,18,0.74192214
MTEM,23,0.08172778
MTEM,49,0.17599718
MU,0,0.034911584
MU,1,0.22389615
MU,24,0.60832083
MU,25,0.020147933
MU,40,0.10297931
MXL,0,0.9203039
MXL,24,0.069174156
NATI,22,0.019882608
NATI,24,0.17604224
NATI,40,0.8040695
NH,1,0.090621404
NH,25,0.34473473
NH,40,0.17763491
NH,49,0.37510788
NK,1,0.01381355
NK,18,0.24376875
NK,23,0.16361576
NK,49,0.55278796
NOW,1,0.6107988
NOW,40,0.3882634
NSTG,12,0.10719987
NSTG,18,0.02547066
NSTG,23,0.053670246
NSTG,25,0.37572458
NSTG,40,0.07715042
NSTG,49,0.33657458
NTLA,18,0.17694783
NTLA,23,0.20139705
NTLA,49,0.6137242
NTNX,1,0.37644225
NTNX,15,0.03343929
NTNX,40,0.5861321
NURO,25,0.05168346
NURO,29,0.9383435
NUROW,25,0.051679716
NUROW,29,0.9383465
NUVA,0,0.67864937
NUVA,1,0.050805036
NUVA,25,0.26288608
NVDA,24,0.13078569
NVDA,28,0.013817213
NVDA,40,0.84558916
NVRO,0,0.010230291
NVRO,18,0.07395399
NVRO,23,0.09977135
NVRO,25,0.6366261
NVRO,29,0.16266005
NXGN,1,0.5473131
NXGN,13,0.01617294
NXGN,25,0.30090645
NXGN,33,0.013508033
NXGN,40,0.11742186
OFIX,25,0.98857087
OFIX,40,0.010245694
OMCL,1,0.06948448
OMCL,17,0.013951698
OMCL,23,0.011797451
OMCL,25,0.026668763
OMCL,40,0.07913587
OMCL,47,0.7856937
OMED,7,0.016221844
OMED,18,0.85456705
OMED,23,0.030154025
OMED,25,0.018908191
OMED,49,0.07673733
OMI,0,0.03395112
OMI,1,0.26792127
OMI,25,0.58717245
OMI,40,0.012801996
OMI,47,0.07448289
ON,0,0.29763964
ON,1,0.041380905
ON,5,0.016995056
ON,24,0.46041468
ON,40,0.17292646
OOMA,1,0.016758436
OOMA,24,0.1743274
OOMA,40,0.8053342
OPHT,18,0.83971554
OPHT,23,0.016394882
OPHT,48,0.06197301
OPHT,49,0.07808523
OPK,12,0.04844962
OPK,18,0.12361064
OPK,23,0.32740867
OPK,25,0.42519554
OPK,39,0.017321385
OPK,41,0.034718864
OPK,49,0.019467711
OPTN,23,0.9731648
OPTN,25,0.022517823
OSS,0,0.018810716
OSS,1,0.060251344
OSS,24,0.07702528
OSS,40,0.824686
OSUR,12,0.08807378
OSUR,22,0.03880009
OSUR,23,0.12692656
OSUR,25,0.68288004
OSUR,36,0.05528959
OTIC,18,0.16560079
OTIC,23,0.8188022
OVAS,13,0.716831
OVAS,18,0.1365508
OVAS,23,0.038319677
OVAS,49,0.09826476
OVID,18,0.97787815
OVID,23,0.010912872
PANW,1,0.09685022
PANW,40,0.8975762
PBYI,0,0.33921617
PBYI,18,0.37391838
PBYI,23,0.23932455
PBYI,39,0.04313287
PCRX,7,0.021063643
PCRX,23,0.9050538
PCRX,25,0.058401983
PCTI,0,0.17820936
PCTI,1,0.044439673
PCTI,24,0.20992163
PCTI,40,0.55799633
PDCO,0,0.19068237
PDCO,1,0.10589915
PDCO,3,0.019056616
PDCO,8,0.03476721
PDCO,12,0.14318115
PDCO,24,0.018354941
PDCO,25,0.35307014
PDCO,40,0.103791066
PDCO,47,0.020840406
PEGA,1,0.25467992
PEGA,15,0.017095534
PEGA,24,0.08721808
PEGA,40,0.634163
PETQ,0,0.22982754
PETQ,1,0.18809487
PETQ,3,0.41199163
PETQ,7,0.08289204
PETQ,8,0.029474469
PETQ,12,0.023967339
PETQ,47,0.026744252
PETS,3,0.8905896
PETS,47,0.109399125
PETX,7,0.98354703
PFE,0,0.020509612
PFE,1,0.010413328
PFE,3,0.061412845
PFE,8,0.47834197
PFE,18,0.046268415
PFE,23,0.27909443
PFE,25,0.04695965
PFE,40,0.016135907
PFIN,5,0.04722805
PFIN,17,0.95273787
PFPT,0,0.65458304
PFPT,1,0.12703769
PFPT,40,0.20865747
PGNX,1,0.01138039
PGNX,18,0.2886937
PGNX,23,0.6566751
PGNX,39,0.025428146
PIRS,1,0.010895872
PIRS,18,0.8215668
PIRS,23,0.039201465
PIRS,30,0.021471113
PIRS,41,0.035422653
PIRS,49,0.04534726
PLSE,12,0.025039583
PLSE,18,0.16314843
PLSE,23,0.079231724
PLSE,25,0.47416928
PLSE,36,0.05655315
PLSE,40,0.014291224
PLSE,49,0.17684852
PLXP,18,0.054727707
PLXP,23,0.9369785
PLXS,0,0.023621203
PLXS,1,0.4193933
PLXS,5,0.09253372
PLXS,24,0.24662384
PLXS,25,0.02810353
PLXS,28,0.014642467
PLXS,40,0.1553633
PLXS,49,0.011427635
PODD,20,0.019496776
PODD,23,0.13137648
PODD,25,0.75090575
PODD,29,0.03101035
PODD,40,0.020367539
PODD,41,0.032720886
PRO,1,0.25981
PRO,5,0.024974056
PRO,15,0.016101118
PRO,40,0.69240874
PRTA,18,0.6883113
PRTA,23,0.26851472
PRTA,49,0.04129542
PRTK,18,0.029825341
PRTK,23,0.9697064
PSDO,0,0.2705877
PSDO,1,0.602499
PSDO,15,0.06674196
PSDO,40,0.06016629
PTCT,18,0.21268576
PTCT,23,0.10124613
PTCT,38,0.6813554
PTLA,18,0.716338
PTLA,23,0.26438478
PULM,1,0.022057666
PULM,18,0.14098787
PULM,23,0.79976153
PULM,30,0.025220837
PXLW,0,0.014151504
PXLW,13,0.037515555
PXLW,24,0.15181187
PXLW,40,0.78659505
QCOM,24,0.7030746
QCOM,40,0.288728
QRVO,0,0.049245775
QRVO,5,0.012785635
QRVO,24,0.45951423
QRVO,25,0.028046988
QRVO,40,0.44694233
QTNA,24,0.03475338
QTNA,40,0.96489924
QTWO,1,0.37746623
QTWO,40,0.61862427
QUMU,40,0.9966171
RARE,18,0.6836851
RARE,23,0.06254008
RARE,41,0.026384905
RARE,49,0.21953888
RBBN,0,0.047058
RBBN,1,0.060467795
RBBN,23,0.019788148
RBBN,24,0.011776453
RBBN,40,0.85371906
RBCN,0,0.09740982
RBCN,1,0.09471326
RBCN,3,0.31306764
RBCN,5,0.0472832
RBCN,24,0.34085354
RBCN,40,0.09113196
RDNT,25,0.90740246
RDNT,33,0.034167226
RDNT,39,0.045710307
RDUS,18,0.8695458
RDUS,23,0.06486455
RDUS,39,0.019354606
RDUS,46,0.012432166
REGN,8,0.016774883
REGN,18,0.4659592
REGN,23,0.061579186
REGN,25,0.020377085
REGN,30,0.4003915
REGN,48,0.016037693
RELV,31,0.98544514
REPH,23,0.99509066
RETA,18,0.9189952
RETA,41,0.048680637
RGEN,1,0.20523487
RGEN,5,0.049255766
RGEN,14,0.019187888
RGEN,23,0.33040896
RGEN,24,0.09579569
RGEN,25,0.020940457
RGEN,36,0.010006415
RGEN,40,0.11080089
RGEN,41,0.015312504
RGEN,49,0.11541419
RGNX,12,0.030085862
RGNX,18,0.067166105
RGNX,23,0.039752774
RGNX,49,0.8559869
RHI,0,0.049741376
RHI,1,0.6213897
RHI,25,0.041969176
RHI,28,0.2566531
RHI,40,0.02029186
RIGL,18,0.91016424
RIGL,23,0.081987426
RMD,25,0.9499572
RMD,40,0.0120615335
RMD,41,0.028369173
RMTI,1,0.011920747
RMTI,8,0.025375398
RMTI,18,0.017185561
RMTI,22,0.025140354
RMTI,23,0.28399888
RMTI,25,0.26734823
RMTI,31,0.08201381
RMTI,41,0.096796796
RMTI,49,0.18198888
RST,0,0.082564734
RST,1,0.06552864
RST,3,0.023604764
RST,9,0.01570923
RST,40,0.8125879
RSYS,1,0.055606417
RSYS,24,0.050814237
RSYS,40,0.88998
RTIX,5,0.013035963
RTIX,23,0.014489896
RTIX,25,0.9681606
RTRX,18,0.5435144
RTRX,23,0.44331884
RTRX,25,0.010522889
RVNC,18,0.0724016
RVNC,23,0.35915038
RVNC,41,0.552087
RVP,0,0.041877218
RVP,22,0.0124953585
RVP,24,0.062202185
RVP,25,0.86645794
RXN,0,0.31602693
RXN,1,0.016147746
RXN,5,0.50383276
RXN,24,0.027740432
RXN,40,0.12904292
RYTM,18,0.18352441
RYTM,23,0.024077533
RYTM,41,0.7913227
SABR,0,0.43967757
SABR,1,0.2263155
SABR,5,0.087590896
SABR,33,0.015554632
SABR,40,0.21778241
SAGE,18,0.3485607
SAGE,23,0.5416586
SAGE,41,0.10644794
SAIL,0,0.026707299
SAIL,1,0.24142894
SAIL,15,0.027669357
SAIL,40,0.7041911
SBBP,0,0.3175341
SBBP,11,0.10376854
SBBP,18,0.07246704
SBBP,23,0.45522523
SBBP,41,0.046071187
SBPH,18,0.8659961
SBPH,23,0.056566056
SBPH,30,0.07046598
SCON,0,0.14790173
SCON,1,0.12413826
SCON,5,0.029156325
SCON,13,0.31127504
SCON,24,0.32008028
SCON,40,0.06136355
SCSC,0,0.034105845
SCSC,1,0.45084324
SCSC,5,0.05454131
SCSC,15,0.027119294
SCSC,40,0.41868928
SCWX,0,0.03466268
SCWX,1,0.265343
SCWX,15,0.38573813
SCWX,40,0.31233966
SEAC,0,0.08865687
SEAC,1,0.039905287
SEAC,40,0.86751056
SELB,18,0.21168007
SELB,23,0.0531862
SELB,36,0.017221794
SELB,49,0.7116319
SEM,0,0.021899212
SEM,25,0.6891078
SEM,33,0.28013945
SESN,18,0.9012962
SESN,23,0.052355587
SESN,25,0.019765338
SESN,39,0.012141503
SGMA,0,0.059164915
SGMA,1,0.057416134
SGMA,24,0.30209142
SGMA,33,0.55279994
SGMA,40,0.013195467
SGMO,12,0.1446957
SGMO,18,0.16232997
SGMO,23,0.057841886
SGMO,49,0.6348273
SGMS,0,0.029202666
SGMS,1,0.05034948
SGMS,33,0.023522599
SGMS,40,0.8874189
SHPG,8,0.011871128
SHPG,18,0.25422317
SHPG,23,0.1278395
SHPG,31,0.5861343
SIEN,23,0.18315554
SIEN,25,0.7593704
SIEN,39,0.041163832
SIGA,0,0.016064433
SIGA,1,0.03223772
SIGA,8,0.0313883
SIGA,23,0.91066927
SLNO,0,0.031226082
SLNO,1,0.08936559
SLNO,18,0.34154078
SLNO,23,0.3979693
SLNO,25,0.08462988
SLNO,41,0.04089282
SLP,23,0.023302766
SLP,24,0.010305401
SLP,28,0.83492994
SLP,40,0.12369774
SLS,0,0.020564735
SLS,1,0.01019441
SLS,18,0.71089023
SLS,23,0.030037366
SLS,36,0.03115428
SLS,39,0.022518303
SLS,49,0.16530967
SMTC,0,0.15497924
SMTC,9,0.01929211
SMTC,24,0.42623448
SMTC,40,0.38982388
SNCR,0,0.09679707
SNCR,1,0.12697722
SNCR,40,0.7761804
SNNA,13,0.010096555
SNNA,18,0.7198253
SNNA,23,0.08013919
SNNA,25,0.17302595
SNNA,29,0.01261077
SNPS,0,0.036158334
SNPS,13,0.03047559
SNPS,24,0.14637412
SNPS,33,0.12544782
SNPS,36,0.034088407
SNPS,40,0.6241444
SNX,0,0.03181256
SNX,1,0.50857806
SNX,5,0.02712785
SNX,15,0.03460174
SNX,24,0.05903635
SNX,40,0.3331785
SOFO,1,0.029323399
SOFO,40,0.96262366
SPA,0,0.07650155
SPA,1,0.11524175
SPA,5,0.054132268
SPA,14,0.554542
SPA,24,0.12613909
SPA,33,0.016196556
SPA,40,0.047691423
SPLK,1,0.036456004
SPLK,24,0.014776313
SPLK,40,0.94876444
SPNE,23,0.027978733
SPNE,25,0.9475356
SPRO,18,0.23165518
SPRO,23,0.76737034
SPWR,0,0.03186379
SPWR,1,0.5275793
SPWR,5,0.29212195
SPWR,9,0.062417544
SPWR,23,0.018289017
SPWR,24,0.062975146
SQ,0,0.050574824
SQ,1,0.5208264
SQ,3,0.0123063
SQ,40,0.41628918
SRNE,0,0.028960524
SRNE,1,0.043018967
SRNE,18,0.66275424
SRNE,23,0.18410279
SRNE,49,0.06736429
SRPT,18,0.14695701
SRPT,23,0.33066124
SRPT,38,0.057715364
SRPT,41,0.42172027
SRPT,49,0.03773842
SRRA,12,0.010747033
SRRA,18,0.8689966
SRRA,23,0.08520029
SRRA,49,0.023887578
SSNC,0,0.06858161
SSNC,1,0.5160046
SSNC,15,0.2261455
SSNC,40,0.18407051
SSTK,0,0.06010346
SSTK,1,0.09976933
SSTK,3,0.025287654
SSTK,40,0.81398934
SSY,25,0.51565284
SSY,33,0.39875597
SSY,47,0.07634512
STAA,21,0.6053881
STAA,23,0.10713848
STAA,25,0.27901566
STLR,1,0.98748314
STLRU,1,0.98748344
STML,18,0.9462238
STML,49,0.038466386
STRM,0,0.041846253
STRM,1,0.675149
STRM,23,0.019288654
STRM,25,0.11645385
STRM,33,0.01096489
STRM,40,0.13576958
SVRA,18,0.13335334
SVRA,23,0.56784457
SVRA,36,0.18564647
SVRA,41,0.10509928
SWI,1,0.35720226
SWI,40,0.6399868
SXI,0,0.24555898
SXI,1,0.026959077
SXI,5,0.28331956
SXI,9,0.015086519
SXI,24,0.2204875
SXI,25,0.0668462
SXI,40,0.117396735
SYMC,1,0.19704111
SYMC,15,0.02633073
SYMC,25,0.0151572
SYMC,40,0.75911784
SYNC,0,0.10288992
SYNC,1,0.04798489
SYNC,3,0.12453428
SYNC,40,0.7245865
SYNH,0,0.046315763
SYNH,1,0.24138553
SYNH,18,0.04647767
SYNH,23,0.16905904
SYNH,25,0.043417603
SYNH,28,0.41361213
SYNH,40,0.022866052
SYRS,18,0.9450667
SYRS,49,0.0537429
TCCO,9,0.29845998
TCCO,24,0.03092124
TCCO,25,0.035131533
TCCO,40,0.62063533
TCON,18,0.9871269
TDC,0,0.014080822
TDC,1,0.30517218
TDC,24,0.035493407
TDC,40,0.6335103
TECD,0,0.03673015
TECD,1,0.81149256
TECD,15,0.06794126
TECD,24,0.051750835
TECD,25,0.023874046
TEVA,8,0.90050566
TEVA,23,0.09010837
TLGT,0,0.06989051
TLGT,1,0.028277118
TLGT,8,0.37982956
TLGT,23,0.5154361
TORC,18,0.9406426
TORC,23,0.0488075
TRTN,1,0.012014918
TRTN,27,0.96936333
TRUE,0,0.6608731
TRUE,3,0.08668659
TRUE,13,0.031061903
TRUE,40,0.21704811
TRUP,0,0.086140044
TRUP,1,0.6953838
TRUP,3,0.046538707
TRUP,7,0.10007512
TRUP,40,0.055154566
TRVN,18,0.35042053
TRVN,23,0.6448618
TSRO,0,0.011045755
TSRO,18,0.7107238
TSRO,23,0.2601205
TTEC,0,0.049814187
TTEC,1,0.713941
TTEC,15,0.025215259
TTEC,24,0.01511454
TTEC,28,0.0165213
TTEC,40,0.17938663
TTNP,18,0.07657632
TTNP,23,0.9136797
TTPH,18,0.08403151
TTPH,23,0.91596663
TTWO,0,0.010476459
TTWO,3,0.021116054
TTWO,12,0.04521142
TTWO,40,0.9166667
TWTR,0,0.08242556
TWTR,3,0.17271616
TWTR,40,0.7433731
TYME,1,0.03942377
TYME,18,0.79488206
TYME,23,0.13029833
TYME,40,0.012971169
UHS,0,0.018513452
UHS,25,0.02353654
UHS,33,0.9557382
USPH,25,0.895212
USPH,33,0.08379726
VAR,5,0.013570513
VAR,17,0.7850396
VAR,23,0.013664847
VAR,24,0.0101568485
VAR,25,0.14889355
VAR,39,0.023962494
VCYT,12,0.032131407
VCYT,23,0.016371729
VCYT,25,0.82168454
VCYT,49,0.12012912
VECO,0,0.21141966
VECO,9,0.012161581
VECO,24,0.65895444
VECO,40,0.09096565
VIAV,0,0.09383965
VIAV,1,0.027383206
VIAV,5,0.01614807
VIAV,9,0.042743053
VIAV,24,0.09797958
VIAV,40,0.7046998
VNDA,8,0.03607922
VNDA,23,0.9468197
VRML,0,0.542755
VRML,12,0.019049581
VRML,25,0.1172506
VRML,39,0.08880497
VRML,49,0.21310563
VRNT,1,0.0860167
VRNT,17,0.36585736
VRNT,40,0.5382531
VRSN,0,0.107834674
VRSN,1,0.0138641205
VRSN,40,0.87418896
VRTX,1,0.02575805
VRTX,18,0.52767825
VRTX,23,0.27488336
VRTX,24,0.026480136
VRTX,30,0.07751587
VRTX,33,0.012884456
VRTX,49,0.037974115
VTL,18,0.6791041
VTL,22,0.100471534
VTL,23,0.011444991
VTL,25,0.123641565
VTL,49,0.06064975
VVUS,8,0.04571767
VVUS,23,0.86362684
VVUS,25,0.033676267
VVUS,41,0.036875494
VXRT,18,0.44387728
VXRT,23,0.5106764
VXRT,36,0.034273237
VYGR,18,0.12010556
VYGR,23,0.049526077
VYGR,49,0.8230381
WDAY,0,0.02988113
WDAY,1,0.40560675
WDAY,40,0.5645068
WMGI,25,0.9946538
WMGIZ,25,0.9946562
WSTG,0,0.063315704
WSTG,1,0.49826276
WSTG,3,0.06438832
WSTG,40,0.37190592
WVE,12,0.01846813
WVE,18,0.20786083
WVE,23,0.55050844
WVE,38,0.02601301
WVE,41,0.016318183
WVE,49,0.1736793
XENE,1,0.045435134
XENE,18,0.43500635
XENE,23,0.4777861
XENE,49,0.03370373
XENT,23,0.60604256
XENT,25,0.390783
XLNX,24,0.31402352
XLNX,25,0.04468457
XLNX,40,0.62227064
XLRN,10,0.06104674
XLRN,18,0.7125739
XLRN,22,0.029788276
XLRN,23,0.04317881
XLRN,41,0.080736965
XLRN,49,0.07245432
XON,14,0.9694995
XON,23,0.015444604
XPER,13,0.8832605
XPER,24,0.035273183
XPER,40,0.08146348
XRX,1,0.36674646
XRX,9,0.5826161
XRX,24,0.013722251
XRX,40,0.011450672
YEXT,1,0.32409787
YEXT,3,0.010031353
YEXT,40,0.6553306
ZBRA,0,0.056542818
ZBRA,1,0.20969138
ZBRA,5,0.031226667
ZBRA,9,0.07674453
ZBRA,24,0.114332005
ZBRA,25,0.012534369
ZBRA,40,0.47615728
ZBRA,47,0.02276577
ZEN,0,0.011028363
ZEN,1,0.086408235
ZEN,15,0.03219242
ZEN,40,0.87036717
ZOM,7,0.011072396
ZOM,12,0.98842806
ZSAN,18,0.17607659
ZSAN,23,0.8199917
ZTS,0,0.34105065
ZTS,5,0.10287287
ZTS,7,0.08015238
ZTS,8,0.06272097
ZTS,12,0.31873083
ZTS,28,0.011180998
ZTS,36,0.027908707
ZTS,40,0.035248555
ZYNE,18,0.34091985
ZYNE,23,0.6567435
