top_num,word,score,global_prob,saliency
0,stock,0.012579607,0.00486273102458281,1.2997611863126228
0,share,0.009575232,0.002888201318131338,1.6624338250431245
0,relat,0.0073032873,0.0046748075906518395,0.7847840360957963
0,loss,0.007240185,0.0023421321914054733,1.549259803852048
0,incom,0.0053774356,0.0009054272287719264,2.9722457513108154
0,file,0.004584068,0.002203675054922139,1.042388203459473
0,current,0.0045551667,0.004238340260231521,0.539653822550195
0,form,0.0043772478,0.0016973729516345701,1.291607004635568
0,inc,0.004308745,0.0015557635510982002,1.3869228985372808
0,approxim,0.004024184,0.0016753071032633206,1.2030407974784212
0,capit,0.0035576937,0.0016503314726892691,1.079651303906604
0,per,0.0035508918,0.0008450492480637825,2.102772383396801
0,credit,0.003504876,0.0009531961532679279,1.8402386904895283
0,claim,0.003424305,0.003302360318330173,0.5201754140859196
0,affect,0.0033739207,0.003868555438625419,0.43775679806439816
0,restrict,0.0032710442,0.0016025625481932678,1.0222023123604558
0,payment,0.003255151,0.002890626136633673,0.5646804964695775
0,issu,0.0032241067,0.0024616757435705935,0.6564722125035662
0,term,0.0032105367,0.0026289882202317157,0.6122083599031747
0,award,0.0031414411,0.00045586587843899886,3.4471468189595007
0,act,0.0031119175,0.003542902313761815,0.4407322681747032
0,defer,0.002960233,0.0003571757653939603,4.145424505537003
0,condit,0.002925518,0.0024895611563474475,0.5890197188474979
0,amend,0.0028653217,0.0012126517330177835,1.182860775525444
0,debt,0.0028583969,0.0009638653546782023,1.4842072848650867
0,benefit,0.0028381862,0.0015307879205241487,0.9284535252301831
0,compens,0.0027949836,0.0005547984733342709,2.520315349600856
0,limit,0.0027819208,0.00375604386011707,0.3717168853949639
0,tabl,0.0027398262,0.0017373824569230994,0.7898624543957178
0,offic,0.0027214538,0.001624628396564517,0.8389226548345899
1,share,0.007679944,0.002888201318131338,1.3333774731097592
1,stock,0.0068369675,0.00486273102458281,0.7064151648755058
1,affect,0.006438668,0.003868555438625419,0.8353991990255057
1,relat,0.0058562136,0.0046748075906518395,0.6292868939884156
1,combin,0.005758284,0.0015463067589390933,1.864826680023376
1,technolog,0.005348024,0.004196633381991358,0.6398542790778391
1,claim,0.004272673,0.003302360318330173,0.6490483026251743
1,act,0.0040856325,0.003542902313761815,0.5786368266058539
1,softwar,0.004052469,0.0013455317869457471,1.5079248987198608
1,current,0.0039643934,0.004238340260231521,0.4696644916837684
1,sharehold,0.0038240086,0.0005613454832905757,3.4080217375840434
1,make,0.0037830877,0.0023901435977517083,0.7932849386585773
1,offic,0.0037552686,0.001624628396564517,1.1576091999994287
1,limit,0.0037255478,0.00375604386011707,0.49780317661298346
1,potenti,0.0036816874,0.003726946038089049,0.495769031514673
1,maintain,0.0036697055,0.0026028001804064968,0.7067882145771001
1,complet,0.0036055883,0.0022218611936896523,0.8131919910981954
1,govern,0.0034956087,0.003277142205905888,0.5350796632679135
1,protect,0.0034640848,0.003290478707668731,0.5281121112148374
1,acquir,0.0034383563,0.0014228834971702368,1.209954546458496
1,condit,0.0034348154,0.0024895611563474475,0.6915609641445563
1,success,0.0034080145,0.0034289358441520652,0.49865330821846127
1,competit,0.0032914856,0.0025598808929151655,0.6445439353323477
1,loss,0.0032828264,0.0023421321914054733,0.7024614621013193
1,abl,0.0032107562,0.0025829166686873488,0.6231423150511949
1,transact,0.0031522422,0.0008593556772275595,1.8356491636696932
1,upon,0.0030714774,0.002093830776766359,0.7349945831190893
1,payment,0.0030084546,0.002890626136633673,0.5218853541089452
1,capit,0.0029473947,0.0016503314726892691,0.8944442262849791
1,substanti,0.0029244588,0.002768415284115984,0.5296450564267743
2,clinic,0.0054801498,0.010476913303039268,0.26427463197428275
2,drug,0.0047485204,0.007037308257476928,0.33975613036315344
2,approv,0.0038736174,0.008736621063913366,0.2236253402196905
2,fda,0.0038379529,0.007177947730612364,0.2692623035189894
2,candid,0.0030283867,0.0049395977711068325,0.3080560292109777
2,obtain,0.0027876303,0.004531258335313601,0.3089938348687614
2,commerci,0.0026484749,0.00620705040227739,0.21466831472207046
2,patient,0.0025097723,0.005559381380303684,0.22697894969905652
2,relat,0.0024240862,0.0046748075906518395,0.26048327130511784
2,trial,0.0021373825,0.006532703527140993,0.16465965370461594
2,stock,0.001801937,0.00486273102458281,0.18618131760096288
2,success,0.0017866732,0.0034289358441520652,0.2614221551510336
2,protect,0.0017575823,0.003290478707668731,0.2679497033925799
2,technolog,0.0017149994,0.004196633381991358,0.20518788578798655
2,third,0.0016678178,0.0030564837221933937,0.2736666757952461
2,design,0.0016084576,0.0029776771208675033,0.27089020252779145
2,current,0.0015273147,0.004238340260231521,0.18094204823572013
2,intellectu,0.0014930735,0.002756533673454542,0.27157100530141043
2,foreign,0.0014394941,0.0028253985189208588,0.2554615243864615
2,govern,0.0014280403,0.003277142205905888,0.2185929275844258
2,potenti,0.0014245289,0.003726946038089049,0.19182435416493193
2,payment,0.0014064208,0.002890626136633673,0.24397590821448648
2,collabor,0.0014028487,0.002178456942497854,0.32268363160920577
2,delay,0.0013829205,0.002814486835660351,0.24637044591733515
2,share,0.0013478968,0.002888201318131338,0.23401930954558364
2,studi,0.0013462295,0.0031551738352384325,0.21400992744711772
2,act,0.0013442424,0.003542902313761815,0.19038132665691831
2,parti,0.0013442223,0.003040479920077982,0.22172641475653262
2,affect,0.0013401192,0.003868555438625419,0.1738767241160129
2,limit,0.001327814,0.00375604386011707,0.1774208887474262
3,advertis,0.024349762,0.00044180193112545524,27.569503642364104
3,consum,0.008592961,0.0008455342117642495,5.085676533954738
3,user,0.006150363,0.0007325376695554338,4.201059304890203
3,criteo,0.0061105173,4.437417859273233e-05,68.85522899913597
3,brand,0.005910995,0.0007504813264727136,3.9410914258293426
3,publish,0.005563155,0.000509211885490371,5.465296274281684
3,pet,0.004946385,0.00012075596141628799,20.483387702211072
3,retail,0.004895391,0.0002613954345517238,9.366404168330243
3,technolog,0.0047128797,0.004196633381991358,0.5638636324715902
3,commerc,0.004693925,9.044573013709924e-05,25.95119445326978
3,protect,0.004683653,0.003290478707668731,0.7140396231519128
3,direct,0.0045206216,0.0010201211439323766,2.2179881404300663
3,oa,0.004430353,3.6857241235493525e-05,60.103745124823604
3,independ,0.0043630516,0.0009604706087749332,2.27349080679688
3,order,0.0039127674,0.0017233185096095557,1.1371984685354057
3,competit,0.0038994108,0.0025598808929151655,0.7635888198504273
3,current,0.0038410896,0.004238340260231521,0.45505659740018956
3,success,0.0038005125,0.0034289358441520652,0.5560827631765614
3,maintain,0.0036021713,0.0026028001804064968,0.6937810816372256
3,sell,0.003567622,0.0017349576384207642,1.0299420680842284
3,affect,0.0035209665,0.003868555438625419,0.4568355834241515
3,well,0.0034357985,0.0023988729443601147,0.7178455422332609
3,claim,0.0033737926,0.003302360318330173,0.5125022378591204
3,internet,0.0033013748,0.0003797265774656767,4.348692800070749
3,display,0.0032083038,0.00012172588881722203,13.179999706224052
3,abl,0.003185122,0.0025829166686873488,0.6181672418154665
3,collect,0.0031180955,0.0006939830553683057,2.2480803638516718
3,coronari,0.003095527,4.219184194063074e-05,36.685499024292426
3,grow,0.0030761329,0.0005880184868162618,2.6172150575013386
3,one,0.0030389056,0.0027528964457010393,0.5534663968284356
4,approv,0.0066138776,0.008736621063913366,0.3818215586715762
4,clinic,0.0058141444,0.010476913303039268,0.280381182156947
4,fda,0.0044472865,0.007177947730612364,0.31201180622386404
4,drug,0.0032672733,0.007037308257476928,0.23377305610938073
4,trial,0.0032083485,0.006532703527140993,0.2471647231407589
4,commerci,0.002875027,0.00620705040227739,0.23303117133257403
4,patient,0.0028721741,0.005559381380303684,0.2597538695342587
4,candid,0.0026005642,0.0049395977711068325,0.2645367110578805
4,relat,0.0024963056,0.0046748075906518395,0.2682436998878109
4,obtain,0.0023330955,0.004531258335313601,0.2586110981965702
4,parti,0.002265743,0.003040479920077982,0.37372914568040305
4,protect,0.0021735923,0.003290478707668731,0.33137192024609835
4,potenti,0.0021430992,0.003726946038089049,0.2885856675516563
4,current,0.0020287926,0.004238340260231521,0.24035249876999043
4,limit,0.002027025,0.00375604386011707,0.27084861774002955
4,govern,0.0018745933,0.003277142205905888,0.28694766813411426
4,success,0.0018201612,0.0034289358441520652,0.2663220514039083
4,third,0.0018098517,0.0030564837221933937,0.2969725474541418
4,technolog,0.001803033,0.004196633381991358,0.2157205023373452
4,well,0.0018011024,0.0023988729443601147,0.3763065155853766
4,affect,0.0017551866,0.003868555438625419,0.22773056429135358
4,stock,0.0017509643,0.00486273102458281,0.18091467343811185
4,research,0.0016893637,0.0031180741121527053,0.27174326796591264
4,substanti,0.0016709247,0.002768415284115984,0.30261907181431935
4,share,0.0016559262,0.002888201318131338,0.28749880891704527
4,medic,0.0016524417,0.0025072623314144936,0.33035729250535584
4,test,0.0016194539,0.0020431520700675554,0.3971223448132631
4,reimburs,0.001562566,0.002228408203645957,0.3513826737780797
4,act,0.0015452363,0.003542902313761815,0.21884754554081928
4,studi,0.0015429446,0.0031551738352384325,0.24528170501988075
5,aircraft,0.016184784,0.0001401545094349688,57.74717098926951
5,water,0.0107413,0.00013263757207772998,40.49653684567248
5,affect,0.008104806,0.003868555438625419,1.0515759505533613
5,technolog,0.0063608997,0.004196633381991358,0.7610378891162688
5,energi,0.005409129,0.00019447044388727503,13.910033760178937
5,relat,0.00539277,0.0046748075906518395,0.5794869492996397
5,negat,0.0053522955,0.0013486840509987828,1.9869420199117667
5,engin,0.0052101393,0.00046095799729390253,5.65403031188809
5,condition,0.005020759,0.0012082870597135804,2.080145420010284
5,commerci,0.0046498734,0.00620705040227739,0.3768887839095281
5,demand,0.0046271207,0.0012298679443843628,1.8834588907130962
5,environment,0.0046047703,0.0004815689545637509,4.783310683835945
5,global,0.0043731537,0.0011042623459634046,1.9823109954616018
5,gas,0.0043087387,5.9408053307209955e-05,36.266082455584666
5,capit,0.0042627575,0.0016503314726892691,1.2936166222048515
5,govern,0.0042247237,0.003277142205905888,0.646686720405731
5,condit,0.0041734334,0.0024895611563474475,0.8402732777171322
5,markets,0.0040063895,0.0007672125741388258,2.613006757244976
5,competit,0.0039849365,0.0025598808929151655,0.7803365943515037
5,oil,0.0039586932,5.8195644056042406e-05,34.01391704444541
5,airlin,0.0039180364,4.12219145396967e-05,47.52566572362283
5,limit,0.0038351316,0.00375604386011707,0.5124456360343191
5,plant,0.0037345982,9.796266749433805e-05,19.063200889858372
5,current,0.0037066787,0.004238340260231521,0.43913285453129336
5,lesse,0.0036763793,4.413169674249882e-05,41.65420603051726
5,well,0.0035770894,0.0023988729443601147,0.7473656314818061
5,air,0.0034997463,7.298703692028651e-05,23.97687251346056
5,abl,0.0034319256,0.0025829166686873488,0.666066770470158
5,food,0.0033956568,0.00032516816116313695,5.223083603240554
5,facil,0.0032547954,0.001815704094548523,0.8979175632752868
6,clinic,0.005545872,0.010476913303039268,0.2674440101714066
6,approv,0.0054351552,0.008736621063913366,0.31377348809075484
6,trial,0.0050681843,0.006532703527140993,0.3904427368217493
6,fda,0.0045375554,0.007177947730612364,0.3183448734952094
6,drug,0.004127913,0.007037308257476928,0.2953517452908544
6,candid,0.0032351757,0.0049395977711068325,0.32909118894913575
6,commerci,0.0030452786,0.00620705040227739,0.24683066839538528
6,patient,0.0029515545,0.005559381380303684,0.2669328745794976
6,technolog,0.0028608043,0.004196633381991358,0.34227555836615065
6,obtain,0.0022955064,0.004531258335313601,0.2544445473612586
6,relat,0.002294452,0.0046748075906518395,0.24655325446286844
6,delay,0.0021953771,0.002814486835660351,0.39111143953536676
6,research,0.0021516692,0.0031180741121527053,0.3461076007831457
6,current,0.002121751,0.004238340260231521,0.2513653382642401
6,treatment,0.002113178,0.003242952265022963,0.3268674140946411
6,third,0.0020604744,0.0030564837221933937,0.33809638074717424
6,affect,0.0020392786,0.003868555438625419,0.2645907134422122
6,limit,0.0019526224,0.00375604386011707,0.2609070399011398
6,success,0.0018573677,0.0034289358441520652,0.27176601908212217
6,claim,0.0018455662,0.003302360318330173,0.28035416379905276
6,protect,0.0018103096,0.003290478707668731,0.2759881676949802
6,stock,0.0017834833,0.00486273102458281,0.18427462911691234
6,thirdparti,0.0017634575,0.0023884462248000738,0.3700459013846088
6,loss,0.001727515,0.0023421321914054733,0.36965485798969233
6,potenti,0.0017237008,0.003726946038089049,0.2321102730235677
6,design,0.0016675745,0.0029776771208675033,0.2808464357097776
6,parti,0.0016666153,0.003040479920077982,0.2749043910172231
6,intellectu,0.0016586551,0.002756533673454542,0.3016881810118506
6,foreign,0.0016569516,0.0028253985189208588,0.2940528837082651
6,share,0.0016232083,0.002888201318131338,0.2818183807685285
7,therapeut,0.025907215,0.0012245333436792256,10.591356745469247
7,pet,0.0152458595,0.00012075596141628799,63.134359417069916
7,commerci,0.013904556,0.00620705040227739,1.127013724074296
7,approv,0.0125713525,0.008736621063913366,0.7257487525541285
7,anim,0.012028764,0.0004333150663672824,13.88594256320741
7,veterinari,0.010710267,7.322951877052003e-05,73.13342923477958
7,current,0.0076395464,0.004238340260231521,0.9050624701009177
7,elanco,0.007276055,2.3278257622416963e-05,156.28799262593384
7,therapeutics,0.007073138,0.00020368475419614841,17.366490259544836
7,candid,0.0068980297,0.0049395977711068325,0.701687011854252
7,relat,0.006652899,0.0046748075906518395,0.7148957449062276
7,veterinarian,0.006339854,4.510162414343287e-05,70.28726961899058
7,cvm,0.005964815,1.9156066168447292e-05,155.69296328609371
7,usda,0.005435948,2.5218112424285042e-05,107.78135943225621
7,studi,0.005434181,0.0031551738352384325,0.8638710806684787
7,obtain,0.004931327,0.004531258335313601,0.5466110851948984
7,collabor,0.004774346,0.002178456942497854,1.098196303592381
7,stock,0.004708763,0.00486273102458281,0.4865229679580874
7,candidates,0.004572253,0.0024131793735238916,0.9496365927096713
7,tabl,0.004555269,0.0017373824569230994,1.3132351403084335
7,termin,0.004420614,0.0014456767910921867,1.5311183924985134
7,third,0.004418386,0.0030564837221933937,0.7249982781816852
7,parti,0.004345339,0.003040479920077982,0.7167537397909941
7,delay,0.003984343,0.002814486835660351,0.7098197484147791
7,pacira,0.0039770543,1.5033874714477621e-05,132.27175729693994
7,success,0.003673656,0.0034289358441520652,0.5375213783896775
7,nocita,0.0035560722,1.042671956004093e-05,170.5286741421374
7,suppli,0.0034235911,0.0015838914457252874,1.0824648843090399
7,limit,0.0033689076,0.00375604386011707,0.45014934579639176
7,biolog,0.0033210635,0.0009672601005814715,1.7183980824535023
8,generic,0.02141556,0.0008639628323819962,12.404504580002664
8,pharmaceut,0.0142883025,0.002084858948307719,3.433827410229582
8,biosimilar,0.010348434,0.0003246831974626699,15.941375581019708
8,govern,0.009347122,0.003277142205905888,1.4307822825361622
8,drug,0.009083705,0.007037308257476928,0.6499381241100513
8,approv,0.008318311,0.008736621063913366,0.48021909556047365
8,brand,0.0073196413,0.0007504813264727136,4.880291018089632
8,fda,0.0062273173,0.007177947730612364,0.43689483814823027
8,relat,0.0055004093,0.0046748075906518395,0.5910534855599003
8,competit,0.005379339,0.0025598808929151655,1.0533907450561557
8,affect,0.0053462787,0.003868555438625419,0.693664743924791
8,commerci,0.005177097,0.00620705040227739,0.4196221307521638
8,specialti,0.0041103656,0.0002854011377248413,7.203087514259052
8,anda,0.003957471,0.00033510991702271085,5.906714283284366
8,facil,0.0039214655,0.001815704094548523,1.0818353374019756
8,rd,0.0038012164,0.0001745869321681272,10.888214733050619
8,tabl,0.0037826335,0.0017373824569230994,1.0904925755147619
8,protect,0.0036691923,0.003290478707668731,0.5593814824908724
8,mgml,0.0036505419,5.0436224848570084e-05,36.191507329049415
8,well,0.003534769,0.0023988729443601147,0.738523565991295
8,file,0.003507533,0.002203675054922139,0.7975909529054214
8,profit,0.0034039996,0.0009068821198733274,1.8784616884556327
8,version,0.0032813002,0.0003198335604579997,5.131340273040159
8,various,0.0032707094,0.0015899534919811252,1.0301904155918853
8,global,0.0030448807,0.0011042623459634046,1.3802168714795175
8,substanti,0.003040722,0.002768415284115984,0.55070135335165
8,act,0.0030376834,0.003542902313761815,0.430218699051278
8,inc,0.002981163,0.0015557635510982002,0.9595934672911415
8,obtain,0.0029598821,0.004531258335313601,0.32808702490850805
8,condit,0.0029130143,0.0024895611563474475,0.586502240463785
9,print,0.010252198,0.00011154165110741462,45.96194179356098
9,printer,0.008692746,6.474265401234718e-05,67.13741485209968
9,solar,0.0074904566,0.00016391773075785277,22.851964683583304
9,affect,0.006666344,0.003868555438625419,0.8649395559678864
9,xerox,0.0058382126,4.243432379086425e-05,68.79407724880481
9,current,0.0053584906,0.004238340260231521,0.6348241768494362
9,retail,0.0051373695,0.0002613954345517238,9.829384350346173
9,technolog,0.0050910814,0.004196633381991358,0.6091128662053427
9,compon,0.004891909,0.000835349974054442,2.930505657228959
9,competit,0.004852954,0.0025598808929151655,0.9503131239137779
9,inkjet,0.004755757,3.39474590326914e-05,70.04822156258993
9,demand,0.0046161665,0.0012298679443843628,1.8790000020933988
9,design,0.0045580617,0.0029776771208675033,0.7676510860197737
9,relat,0.0045343004,0.0046748075906518395,0.4872390264600293
9,softwar,0.004504048,0.0013455317869457471,1.675957485024451
9,aaron,0.004397185,3.15226405303563e-05,69.74865668892073
9,store,0.0043856907,0.00027497441816480035,7.976917730164312
9,loss,0.0043445206,0.0023421321914054733,0.9296435278756043
9,limit,0.0041568913,0.00375604386011707,0.555438764541235
9,optic,0.004145635,0.000108874350754846,19.04069301367733
9,ink,0.004132297,3.0067749428955243e-05,68.71849768224263
9,progress,0.0037390958,0.00036226788424886396,5.162547489838585
9,stock,0.003690165,0.00486273102458281,0.3812784691353249
9,obtain,0.003554337,0.004531258335313601,0.39397914599623746
9,depend,0.0035360025,0.0022817542106973294,0.7766109841187137
9,suppli,0.0035271784,0.0015838914457252874,1.1152169254853117
9,fujifilm,0.0034938625,3.5887313834559486e-05,48.6799856473226
9,success,0.0034610368,0.0034289358441520652,0.5064114148288409
9,well,0.003306527,0.0023988729443601147,0.6908366842273457
9,condit,0.0032746166,0.0024895611563474475,0.6593067421376788
10,phase,0.012319515,0.0022589609167753795,2.7329699844477826
10,drug,0.011786286,0.007037308257476928,0.8433074891603428
10,approv,0.010684188,0.008736621063913366,0.6168020841472478
10,clinic,0.009526277,0.010476913303039268,0.45939498878917584
10,trial,0.00764377,0.006532703527140993,0.5888606770435741
10,patient,0.007609809,0.005559381380303684,0.6882163790798922
10,research,0.007236813,0.0031180741121527053,1.1640804313525261
10,fda,0.0065070484,0.007177947730612364,0.45652015607337926
10,collabor,0.005679086,0.002178456942497854,1.30630479393094
10,relat,0.0049587525,0.0046748075906518395,0.5328490702722611
10,foreign,0.0047938735,0.0028253985189208588,0.8507504504916686
10,commerci,0.004402397,0.00620705040227739,0.3568299606648959
10,iii,0.004176139,0.00036420773905073203,5.735270608493689
10,affect,0.004138792,0.003868555438625419,0.5369967091871782
10,european,0.0040920647,0.0012402946639444037,1.651680109259069
10,distribut,0.003770727,0.0017255008462616574,1.0945324560385479
10,studi,0.00372678,0.0031551738352384325,0.5924457387657721
10,revlimid,0.0036894965,2.158088467078239e-05,85.48250509664453
10,claim,0.0036603229,0.003302360318330173,0.5560281460006452
10,form,0.0036568362,0.0016973729516345701,1.0790331134812108
10,therapi,0.0036016875,0.0014384023355851815,1.2537758320944279
10,pharmaceut,0.0035807558,0.002084858948307719,0.8605429064222757
10,obtain,0.0035734256,0.004531258335313601,0.39609501694983756
10,potenti,0.003562228,0.003726946038089049,0.4796828624386269
10,thirdparti,0.0034996984,0.0023884462248000738,0.7343806120541022
10,countri,0.0034482188,0.0017873337180712024,0.9663505725114315
10,govern,0.0034323067,0.003277142205905888,0.5253899029451858
10,diseas,0.0034037426,0.0013154640375167919,1.2954440290944154
10,ha,0.003398165,1.8913584318213782e-05,89.835678977653
10,current,0.0032047485,0.004238340260231521,0.3796688228324042
11,trial,0.01849255,0.006532703527140993,1.424628863445697
11,octreotid,0.017885458,0.00012803041692329329,69.85741371778546
11,clinic,0.015986232,0.010476913303039268,0.7709197350114548
11,capsul,0.013074505,0.00012487815287025766,52.355586475181816
11,approv,0.01285819,0.008736621063913366,0.7423079631139082
11,fda,0.012505969,0.007177947730612364,0.8773911915633053
11,patient,0.008283337,0.005559381380303684,0.7491289322123457
11,phase,0.008058914,0.0022589609167753795,1.7877951528826634
11,stock,0.007879067,0.00486273102458281,0.8140879021373292
11,drug,0.007836816,0.007037308257476928,0.5607233406301907
11,commerci,0.007595323,0.00620705040227739,0.6156279620527406
11,acromegali,0.005099828,3.6614759385260015e-05,69.6442459809967
11,obtain,0.004988383,0.004531258335313601,0.5529354450249103
11,candid,0.0049122,0.0049395977711068325,0.49968281211302457
11,current,0.0049026804,0.004238340260231521,0.5808240171775046
11,treatment,0.004733233,0.003242952265022963,0.7321388107490926
11,share,0.0045667156,0.002888201318131338,0.7928645987626497
11,nda,0.004544053,0.0011122642470211106,2.044976014842476
11,capsules,0.004426573,4.12219145396967e-05,53.694199538776
11,limit,0.0041202884,0.00375604386011707,0.5505479375078428
11,relat,0.0041083232,0.0046748075906518395,0.4414651074552749
11,loss,0.003941995,0.0023421321914054733,0.8435108359464482
11,chiasma,0.0036590192,2.618803982521908e-05,69.86233207335076
11,design,0.003650742,0.0029776771208675033,0.614843797100767
11,potenti,0.003647411,0.003726946038089049,0.49115343714290755
11,research,0.0036313443,0.0031180741121527053,0.5841213145561687
11,act,0.0034689985,0.003542902313761815,0.49130465497189824
11,complet,0.0033220954,0.0022218611936896523,0.7492539636651329
11,follow,0.003272894,0.0015640079340061396,1.0479527732680458
11,success,0.0032133202,0.0034289358441520652,0.4701660479387469
12,anim,0.015686663,0.0004333150663672824,18.108601977071498
12,test,0.014424417,0.0020431520700675554,3.53715434534939
12,approv,0.008866949,0.008736621063913366,0.5118921900668489
12,drug,0.006988868,0.007037308257476928,0.5000527672755604
12,genet,0.0069568153,0.0002953428935844152,11.78100108561008
12,diagnost,0.0066221408,0.0005113942221424727,6.4779058885638054
12,commerci,0.0064705964,0.00620705040227739,0.5244648676844845
12,candid,0.006023493,0.0049395977711068325,0.6127266878292497
12,companion,0.005751119,0.00017676926882022881,16.270179920806196
12,technolog,0.0056891954,0.004196633381991358,0.6806730901169549
12,obtain,0.0056306366,0.004531258335313601,0.6241257988570245
12,act,0.005577621,0.003542902313761815,0.7899430355390933
12,research,0.0054570315,0.0031180741121527053,0.8777929536718492
12,sell,0.0053321407,0.0017349576384207642,1.5393435659860328
12,stock,0.005331745,0.00486273102458281,0.5508912296242311
12,human,0.005019796,0.001081226570191221,2.323853185044359
12,laboratori,0.004821682,0.0005855936683139267,4.119328546924439
12,fda,0.0046431655,0.007177947730612364,0.32575424628602323
12,intellectu,0.0046227234,0.002756533673454542,0.8408143493838584
12,clinic,0.004513352,0.010476913303039268,0.2176518047634097
12,gene,0.0044516036,0.0005812289950097235,3.831700644703542
12,share,0.0044239694,0.002888201318131338,0.7680812815460178
12,independ,0.004371051,0.0009604706087749332,2.2776592209876054
12,abl,0.0043168413,0.0025829166686873488,0.8378108643307314
12,affect,0.0042577093,0.003868555438625419,0.5524258997548587
12,success,0.004145858,0.0034289358441520652,0.6066129475427409
12,third,0.0040199035,0.0030564837221933937,0.6596125843922709
12,protect,0.0039888173,0.003290478707668731,0.6081094588691818
12,current,0.0039438047,0.004238340260231521,0.46722532811881706
12,relat,0.0037866523,0.0046748075906518395,0.40689955108388765
13,technolog,0.013597867,0.004196633381991358,1.6268913046676534
13,potenti,0.01024416,0.003726946038089049,1.3794591182090885
13,file,0.009646002,0.002203675054922139,2.1934401889398867
13,fertil,0.009632407,7.662426467378917e-05,62.85962334110201
13,treatment,0.008649965,0.003242952265022963,1.337980878328175
13,parti,0.0065799984,0.003040479920077982,1.0853557565756016
13,court,0.006413728,0.0009151265027812669,3.5074917793858282
13,motion,0.0061527994,0.00022332578406506273,13.778465969586112
13,claim,0.0057866336,0.003302360318330173,0.879029326622766
13,complaint,0.0052714734,0.00029194814768114606,9.030734520168833
13,commerci,0.0051277624,0.00620705040227739,0.41562339516101326
13,imag,0.004889737,0.0002701247811601302,9.053330282104675
13,current,0.0045857173,0.004238340260231521,0.5432731785009292
13,augment,0.004561103,0.00010353975004970878,22.028135099573674
13,infring,0.0044762213,0.0012885485521408723,1.7391619040316344
13,tabl,0.004412588,0.0017373824569230994,1.2721017567112336
13,issu,0.004315411,0.0024616757435705935,0.8786767227007326
13,samsung,0.004184405,4.7768924496001476e-05,43.800491453404895
13,limit,0.003967348,0.00375604386011707,0.5301122273866501
13,clinic,0.0039349846,0.010476913303039268,0.18976061642112724
13,inc,0.0038175453,0.0015557635510982002,1.2288128376300878
13,third,0.0037868933,0.0030564837221933937,0.6213787233492342
13,relat,0.0037019826,0.0046748075906518395,0.3978012504332633
13,action,0.0034886806,0.0018916009136716117,0.9238946087259928
13,order,0.0034198703,0.0017233185096095557,0.9939438892213813
13,treatments,0.003373631,0.00020707950009941757,8.147425630179766
13,district,0.003280705,0.0003130440686514614,5.241645518552471
13,technologies,0.0032263938,0.0007046522567785801,2.2909650032293802
13,petit,0.0032233295,7.322951877052003e-05,22.010014859095232
13,ptab,0.0030707899,4.9223815597402535e-05,31.19365061095714
14,collabor,0.013263593,0.002178456942497854,3.050895185419835
14,technolog,0.011871847,0.004196633381991358,1.4203848692165761
14,commerci,0.0077231666,0.00620705040227739,0.625990139283055
14,biolog,0.007355147,0.0009672601005814715,3.805729905131823
14,relat,0.0070713656,0.0046748075906518395,0.7598625973521436
14,ecc,0.006265289,2.594555797498557e-05,120.74228106101836
14,potenti,0.005993738,0.003726946038089049,0.8071053504895979
14,technologies,0.0058047464,0.0007046522567785801,4.121775445633126
14,stock,0.0057515637,0.00486273102458281,0.5942681159839598
14,approv,0.005560513,0.008736621063913366,0.32101044415011887
14,synthet,0.0055180993,9.044573013709924e-05,30.507788334878278
14,intrexon,0.0054829284,3.5644831984325976e-05,76.91330684648769
14,jvs,0.004754722,2.4733148723818022e-05,96.12281417788243
14,fda,0.0046286033,0.007177947730612364,0.3247325972890642
14,limit,0.004614038,0.00375604386011707,0.6165221478434411
14,gene,0.004521606,0.0005812289950097235,3.891954936629043
14,jv,0.0044935388,4.6798997095067436e-05,48.01116827249628
14,clinic,0.0043669823,0.010476913303039268,0.21059326490095445
14,obtain,0.0039860313,0.004531258335313601,0.4418301411952663
14,design,0.0039302516,0.0029776771208675033,0.661917736532746
14,current,0.0038885863,0.004238340260231521,0.46068357131975546
14,protect,0.0038497676,0.003290478707668731,0.5869108320801679
14,govern,0.0038050879,0.003277142205905888,0.5824522485638184
14,intellectu,0.0038048574,0.002756533673454542,0.6920549585856727
14,tabl,0.0037229508,0.0017373824569230994,1.0732867109166186
14,third,0.003590144,0.0030564837221933937,0.5890947782060203
14,success,0.0035803202,0.0034289358441520652,0.5238646933415312
14,capit,0.0035375757,0.0016503314726892691,1.0735461164823898
14,well,0.0033724848,0.0023988729443601147,0.7046173472076249
14,enabl,0.0033626428,0.0008203160993399644,2.051283198466973
15,technolog,0.035440937,0.004196633381991358,4.240264286047828
15,dell,0.026908027,0.0002126565826547883,63.27984029757328
15,stock,0.015752159,0.00486273102458281,1.627558412298395
15,softwar,0.007845993,0.0013455317869457471,2.919496314826269
15,affect,0.006685658,0.003868555438625419,0.8674454634365112
15,global,0.005823668,0.0011042623459634046,2.6398160596487354
15,mr,0.0053201155,0.000507272030688503,5.246508682068316
15,v,0.005054556,0.00014185188238660337,17.818842959805178
15,center,0.004770611,0.0007887934588096081,3.026377767556992
15,suppli,0.0046535735,0.0015838914457252874,1.4713584916744282
15,current,0.004589756,0.004238340260231521,0.5437516438195799
15,cloud,0.0045327824,0.00043113272971518084,5.2590957252765484
15,contact,0.0043337266,0.00014864137419314164,14.57996062903671
15,inc,0.0042534736,0.0015557635510982002,1.3691318949762596
15,stockhold,0.0042325985,0.0011949505579507374,1.7731512765809831
15,relat,0.0041816873,0.0046748075906518395,0.4493485299992566
15,chain,0.004100366,0.0002953428935844152,6.94375441724332
15,protect,0.0034709028,0.003290478707668731,0.5291515365937847
15,organ,0.0033783643,0.0009706548464847406,1.741939215263263
15,potenti,0.0033688762,0.003726946038089049,0.4536464656469132
15,technologies,0.0033620722,0.0007046522567785801,2.3873060970355326
15,threat,0.0032615562,0.00021556636485759042,7.5667167147109495
15,offic,0.0032370158,0.001624628396564517,0.9978511871380815
15,govern,0.0031581225,0.003277142205905888,0.48341999698237864
15,share,0.0031497474,0.002888201318131338,0.5468532383047573
15,holder,0.0030104017,0.0006922856824166711,2.1757533555985358
15,competit,0.0029987798,0.0025598808929151655,0.5872258135145754
15,maintain,0.0029810015,0.0026028001804064968,0.5741432794162045
15,action,0.0029759721,0.0018916009136716117,0.788115893406849
15,condition,0.00296596,0.0012082870597135804,1.2288237552089336
16,joy,0.0042846985,1.69737295163457e-06,1262.1580262415644
16,drug,0.0042076283,0.007037308257476928,0.3010553563874878
16,approv,0.0036896106,0.008736621063913366,0.21300256328364278
16,fda,0.0033603765,0.007177947730612364,0.23575659743467242
16,clinic,0.0031261914,0.010476913303039268,0.15075739324620852
16,commerci,0.0030460733,0.00620705040227739,0.24689507768592564
16,candid,0.0030237797,0.0049395977711068325,0.3075873901652525
16,trial,0.0028797213,0.006532703527140993,0.22184794542778102
16,technolog,0.0025238632,0.004196633381991358,0.30196287361874574
16,stock,0.002518284,0.00486273102458281,0.26019634092458593
16,patient,0.0023909002,0.005559381380303684,0.21622838248451537
16,relat,0.002240328,0.0046748075906518395,0.24073728635157368
16,affect,0.0021912744,0.003868555438625419,0.2843117448332
16,limit,0.0021536949,0.00375604386011707,0.28777409361738815
16,obtain,0.0020773052,0.004531258335313601,0.23025811772202504
16,design,0.001976317,0.0029776771208675033,0.3328436531430999
16,treatment,0.0019586682,0.003242952265022963,0.3029677804291507
16,rope,0.0019550838,1.2124092511675501e-06,806.2814485636773
16,research,0.001893125,0.0031180741121527053,0.30451936749533937
16,presidentcontrol,0.0018454279,9.6992740093404e-07,951.323621419142
16,intellectu,0.0017878247,0.002756533673454542,0.3251824726146899
16,protect,0.001693197,0.003290478707668731,0.2581339256950605
16,payment,0.0016628159,0.002890626136633673,0.28845350822716953
16,andr,0.0016546448,7.274455507005301e-07,1137.2989002788477
16,shafts,0.0016530076,7.274455507005301e-07,1136.1735471334346
16,vike,0.0016433251,7.274455507005301e-07,1129.5184083528388
16,current,0.001629335,0.004238340260231521,0.1930284694587375
16,potenti,0.0015575188,0.003726946038089049,0.20973252861759195
16,parti,0.001509212,0.003040479920077982,0.24894107606335353
16,substanti,0.0014962776,0.002768415284115984,0.2709889588460056
17,treatment,0.008495134,0.003242952265022963,1.3140316168742547
17,proton,0.0071013034,3.6614759385260015e-05,96.97678700999653
17,competit,0.005744253,0.0025598808929151655,1.1248487065440307
17,affect,0.0055296756,0.003868555438625419,0.7174599895911552
17,softwar,0.005528981,0.0013455317869457471,2.0573353744940226
17,technolog,0.0047784178,0.004196633381991358,0.5717048154258491
17,therapi,0.0046976926,0.0014384023355851815,1.6353038493179624
17,radiat,0.00457776,0.00011008676000601356,20.793890516537278
17,relat,0.004562333,0.0046748075906518395,0.49025132770884045
17,order,0.0044032116,0.0017233185096095557,1.279740150641254
17,govern,0.004193754,0.003277142205905888,0.6419461224229177
17,cti,0.0039400384,2.133840282054888e-05,92.32468077083203
17,intellig,0.003937065,0.00012536311657072467,15.704613949278032
17,make,0.0039306534,0.0023901435977517083,0.8242283591865398
17,patient,0.0039001582,0.005559381380303684,0.3527227597586023
17,deliv,0.0038954031,0.0007242932866474945,2.691053890044583
17,medic,0.0038514705,0.0025072623314144936,0.7699886717287755
17,employe,0.0036768438,0.0012851538062376032,1.4323457322487572
17,action,0.0033691654,0.0018916009136716117,0.8922438246553378
17,assur,0.0033344745,0.0015220585739157424,1.0970503500299347
17,maintain,0.0032932789,0.0026028001804064968,0.6342881469724134
17,mani,0.0031889654,0.002126323344697649,0.7514722904117723
17,loss,0.0031772382,0.0023421321914054733,0.6798676193584715
17,current,0.0031762398,0.004238340260231521,0.3762913751512749
17,countri,0.0030758074,0.0017873337180712024,0.8619836403203923
17,foreign,0.003004586,0.0028253985189208588,0.5332124343131842
17,offic,0.0029904067,0.001624628396564517,0.9218308048322797
17,well,0.0029623548,0.0023988729443601147,0.6189283853546385
17,success,0.0029328973,0.0034289358441520652,0.4291351827073207
17,global,0.002923733,0.0011042623459634046,1.3253017583088709
18,clinic,0.019895012,0.010476913303039268,0.959416637749826
18,approv,0.015462942,0.008736621063913366,0.892681288097365
18,trial,0.014698736,0.006532703527140993,1.132361111679819
18,drug,0.014222658,0.007037308257476928,1.0176296778216491
18,candid,0.011197915,0.0049395977711068325,1.1390834861100294
18,fda,0.010879556,0.007177947730612364,0.7632856222014814
18,commerci,0.009665032,0.00620705040227739,0.7833852335141294
18,patient,0.008744008,0.005559381380303684,0.7907911493274293
18,obtain,0.006571994,0.004531258335313601,0.7284702259168604
18,candidates,0.0053595407,0.0024131793735238916,1.1131526908979128
18,studi,0.0050753695,0.0031551738352384325,0.8068308490760798
18,treatment,0.0049523674,0.003242952265022963,0.7660346622753588
18,phase,0.0045883586,0.0022589609167753795,1.0178846961054062
18,collabor,0.0044910624,0.002178456942497854,1.0330353259207028
18,stock,0.0044675055,0.00486273102458281,0.46159552634913625
18,current,0.004322726,0.004238340260231521,0.5121163863858172
18,potenti,0.004260526,0.003726946038089049,0.5737143422043098
18,third,0.003974036,0.0030564837221933937,0.6520863165193227
18,limit,0.0039218334,0.00375604386011707,0.5240306130171801
18,research,0.0038913987,0.0031180741121527053,0.6259524619357033
18,parti,0.0038766474,0.003040479920077982,0.6394441695445467
18,relat,0.003838199,0.0046748075906518395,0.41243855761026266
18,act,0.003805358,0.003542902313761815,0.5389423184975167
18,success,0.0037196777,0.0034289358441520652,0.5442551842238965
18,delay,0.003716241,0.002814486835660351,0.6620568209999951
18,design,0.0035675399,0.0029776771208675033,0.600831233631821
18,one,0.0033470623,0.0027528964457010393,0.6095900181837498
18,protect,0.0032969231,0.003290478707668731,0.5026277138335307
18,complet,0.003086718,0.0022218611936896523,0.6961677669005938
18,foreign,0.0030218475,0.0028253985189208588,0.5362757430020227
19,transistor,0.009057429,9.456792159106891e-06,478.8893627798041
19,commerci,0.00782569,0.00620705040227739,0.6343000511961461
19,potenti,0.007028389,0.003726946038089049,0.9464294820004152
19,technolog,0.0067204023,0.004196633381991358,0.804049904800603
19,asm,0.0062398193,4.607155154436691e-06,677.19100823148
19,fabless,0.0049565583,8.48686475817285e-06,292.0159890385611
19,stock,0.0046738153,0.00486273102458281,0.4829120524485365
19,idm,0.004603432,2.66730035256861e-06,862.9407445740336
19,clinic,0.0044815205,0.010476913303039268,0.21611675474251518
19,test,0.0041790055,0.0020431520700675554,1.0247753743380053
19,semiconductor,0.0040682512,0.00024805893278888075,8.20220492335691
19,obtain,0.0034354038,0.004531258335313601,0.38079604536450856
19,node,0.0033845205,1.673124766611219e-05,101.14539056969976
19,relat,0.003346284,0.0046748075906518395,0.3595792006822145
19,incorpor,0.0033148993,0.0008840888259513775,1.8764121028846534
19,protect,0.0030360445,0.003290478707668731,0.46285584082795406
19,cmos,0.0030314217,8.608105683289606e-05,17.609464527479975
19,drug,0.0029901753,0.007037308257476928,0.21394672127203007
19,success,0.002947488,0.0034289358441520652,0.4312700766687953
19,benefit,0.0028910805,0.0015307879205241487,0.9457567721192528
19,endeavor,0.0027299942,3.7827168636427565e-05,36.08646392578689
19,make,0.0026825354,0.0023901435977517083,0.5625074348880666
19,limit,0.0026313025,0.00375604386011707,0.3515914407691914
19,current,0.0025586786,0.004238340260231521,0.30312846707357655
19,evalu,0.0024823449,0.0013605656616602247,0.9134885310203271
19,one,0.0024584325,0.0027528964457010393,0.44774663978000384
19,intellectu,0.002411463,0.002756533673454542,0.4386143306538382
19,capit,0.0023406504,0.0016503314726892691,0.7103158688495158
19,act,0.0023130523,0.003542902313761815,0.3275911973966344
19,trial,0.0022965546,0.006532703527140993,0.17692195306698658
20,mri,0.049463224,9.19006212385003e-05,269.1372958108596
20,infus,0.047827404,0.00014573159199033953,164.11806562612028
20,pump,0.04395163,0.00010838938705437898,202.77074941199365
20,iv,0.029705532,0.0005288529153592853,28.0997238448748
20,monitor,0.015896844,0.0007124116759860524,11.165011312723175
20,patient,0.011087702,0.005559381380303684,1.0027502751980284
20,medic,0.010725313,0.0025072623314144936,2.14421201652777
20,fda,0.009252821,0.007177947730612364,0.6491575106994714
20,vital,0.007902285,4.607155154436691e-05,85.76495570213974
20,sign,0.007390107,0.0003169237782551976,11.662818690232132
20,devic,0.0068235993,0.0017221061003583882,1.9845903510696215
20,scanner,0.006295156,2.3520739472650473e-05,133.8245396904729
20,current,0.0062385737,0.004238340260231521,0.7390882408985985
20,set,0.005577209,0.000749753880922013,3.722148438313805
20,mr,0.005551265,0.000507272030688503,5.474460203289615
20,stock,0.0055441875,0.00486273102458281,0.5728414100508903
20,pumps,0.005349358,1.9641029868914312e-05,136.1808209828314
20,critic,0.005227038,0.0004517436869850292,5.788016084451763
20,relat,0.005202448,0.0046748075906518395,0.5590356755404146
20,warn,0.004437578,0.000290493256579745,7.6402238204131505
20,potenti,0.004366239,0.003726946038089049,0.5879494577827127
20,letter,0.0042611123,0.0004369522941207851,4.878077385590239
20,design,0.0040497994,0.0029776771208675033,0.6820515178770421
20,tabl,0.004045414,0.0017373824569230994,1.1662493257790503
20,room,0.00399677,0.00017773919622116285,11.245353769167297
20,tube,0.00386771,2.66730035256861e-05,72.50426763778722
20,obtain,0.0038409838,0.004531258335313601,0.42575241244673817
20,outsid,0.00370235,0.0012385972909927693,1.4964249108217147
20,approv,0.0036513607,0.008736621063913366,0.2107943835847073
20,magnet,0.003604904,2.9097822028021203e-05,61.946370786657404
21,fda,0.020172194,0.007177947730612364,1.4152365941165443
21,approv,0.01340253,0.008736621063913366,0.7737329294185185
21,devic,0.01336539,0.0017221061003583882,3.8872187943867886
21,eye,0.010442393,7.807915577519023e-05,66.87577580805775
21,medic,0.0070595774,0.0025072623314144936,1.4113556269341918
21,refract,0.0068606953,8.24438290793934e-06,416.0864404572092
21,clearanc,0.006452518,0.0004335575482175159,7.444589090966922
21,len,0.006423835,9.214310308873381e-06,348.58248489846375
21,clinic,0.00641583,0.010476913303039268,0.30939685673048695
21,design,0.005890103,0.0029776771208675033,0.991988325520367
21,sell,0.0058700256,0.0017349576384207642,1.6946263472106409
21,stock,0.0054096384,0.00486273102458281,0.5589394093958516
21,current,0.004748823,0.004238340260231521,0.5625964359398581
21,countri,0.0044751833,0.0017873337180712024,1.2541535808375968
21,correct,0.0041821436,0.0002681849263582621,7.799217590637366
21,japan,0.004152304,0.00040591461729089576,5.116826705889122
21,optic,0.0041064587,0.000108874350754846,18.860759222567317
21,loss,0.0040970617,0.0023421321914054733,0.8766920954664308
21,facil,0.0040868064,0.001815704094548523,1.1274488178829554
21,action,0.0040554074,0.0018916009136716117,1.0739788046279386
21,affect,0.004040907,0.003868555438625419,0.524296429860586
21,pma,0.003964532,0.00022672052996833186,8.745196141053569
21,cataract,0.0037947374,6.3045281060712605e-06,300.9552224385104
21,letter,0.0037916957,0.0004369522941207851,4.340694092558185
21,relat,0.003761915,0.0046748075906518395,0.40424137036560537
21,ophthalm,0.0037012743,2.5703076124752062e-05,72.0024599273654
21,obtain,0.0036461845,0.004531258335313601,0.404159947429647
21,warn,0.0035672493,0.000290493256579745,6.141770010783558
21,injector,0.0033179545,3.370497718245789e-05,49.2222008932325
21,focus,0.0032297093,0.0010295779360914835,1.5700776338865925
22,blood,0.046865072,0.0006023249159800389,38.92691374527539
22,platelet,0.011602745,0.0001231807799186231,47.10221283840323
22,patient,0.011424007,0.005559381380303684,1.0331650699613972
22,studi,0.010275883,0.0031551738352384325,1.6335557727114538
22,volum,0.009245663,0.0005096968491908381,9.074389463010112
22,clinic,0.00764713,0.010476913303039268,0.3687750518224918
22,red,0.007626124,8.608105683289606e-05,44.29999431619801
22,intercept,0.0072720596,6.0862944408611015e-05,59.744909100022085
22,cell,0.007268533,0.0011430594420007662,3.1830547076725435
22,approv,0.006785735,0.008736621063913366,0.39174295003361
22,plasma,0.0062435623,0.00012730297137259275,24.525575022106725
22,medic,0.0058781644,0.0025072623314144936,1.1751667265465024
22,transfus,0.0057058157,6.983477286725089e-05,40.855106775551874
22,hospit,0.005700525,0.000666097642591452,4.281896255018741
22,trial,0.005397923,0.006532703527140993,0.41584512690449627
22,potenti,0.005242224,0.003726946038089049,0.7059079046250868
22,measur,0.005060964,0.0009294329319450439,2.7251388726536936
22,treatment,0.004582762,0.003242952265022963,0.7088638821765653
22,treat,0.0044287737,0.001080256642790287,2.052085444005311
22,commerci,0.004315629,0.00620705040227739,0.3497971002287653
22,center,0.0042893123,0.0007887934588096081,2.7210517669093153
22,remov,0.0042558867,0.0003198335604579997,6.655411371755942
22,heart,0.004115379,0.00018113394212443198,11.362101261441346
22,test,0.0040789256,0.0020431520700675554,1.0002337839588595
22,devic,0.003961674,0.0017221061003583882,1.1522217939324022
22,obtain,0.0039549377,0.004531258335313601,0.43838358264956306
22,research,0.0037896917,0.0031180741121527053,0.6095923514112659
22,current,0.0036995634,0.004238340260231521,0.43828989937517865
22,fda,0.0036860642,0.007177947730612364,0.25860612747157913
22,cytokin,0.0036642307,5.213359780020465e-05,35.144531349697544
23,approv,0.014148595,0.008736621063913366,0.8168035227008724
23,clinic,0.013711957,0.010476913303039268,0.6612451514887033
23,fda,0.013487892,0.007177947730612364,0.9462807560466674
23,drug,0.011969297,0.007037308257476928,0.8564019356517955
23,commerci,0.010280939,0.00620705040227739,0.833306679827172
23,trial,0.008065815,0.006532703527140993,0.6213741851746029
23,candid,0.006264985,0.0049395977711068325,0.6372919285542804
23,patient,0.005532354,0.005559381380303684,0.5003353972632216
23,obtain,0.0055214316,0.004531258335313601,0.612021009138064
23,relat,0.0046419264,0.0046748075906518395,0.49880411161171495
23,studi,0.004579869,0.0031551738352384325,0.7280612134266171
23,current,0.004472071,0.004238340260231521,0.5298093972397759
23,limit,0.0044344077,0.00375604386011707,0.5925201733814273
23,stock,0.00436739,0.00486273102458281,0.45125132393885775
23,pharmaceut,0.004365434,0.002084858948307719,1.0491201950047164
23,act,0.0042778687,0.003542902313761815,0.6058627013415862
23,potenti,0.0041408488,0.003726946038089049,0.5575988271581791
23,govern,0.0041192486,0.003277142205905888,0.6305414441687165
23,success,0.0040321387,0.0034289358441520652,0.5899738087828922
23,treatment,0.0039445474,0.003242952265022963,0.6101445591411674
23,claim,0.003581289,0.003302360318330173,0.5440223551288987
23,research,0.0035231968,0.0031180741121527053,0.566725205017641
23,delay,0.0033881483,0.002814486835660351,0.6036063346374032
23,candidates,0.003374461,0.0024131793735238916,0.700860512401711
23,affect,0.0033698978,0.003868555438625419,0.43723484477523217
23,third,0.0033357765,0.0030564837221933937,0.5473564652557873
23,parti,0.0032657713,0.003040479920077982,0.5386815428123869
23,protect,0.0032418156,0.003290478707668731,0.4942263753157502
23,healthcar,0.0031937086,0.0024519764695612534,0.6528487406845854
23,substanti,0.003002563,0.002768415284115984,0.5437904104289696
24,technolog,0.011763253,0.004196633381991358,1.4073923351495248
24,semiconductor,0.008896872,0.00024805893278888075,17.93742972659721
24,design,0.0067513855,0.0029776771208675033,1.137042178977918
24,affect,0.006297498,0.003868555438625419,0.8170828013934225
24,power,0.0057377913,0.0005863211138646273,4.895913993180025
24,china,0.005519411,0.00048496370046702004,5.693300106434617
24,demand,0.005324484,0.0012298679443843628,2.1673189733322116
24,facil,0.0052083475,0.001815704094548523,1.4368542462024434
24,research,0.0050563444,0.0031180741121527053,0.8133402723288391
24,order,0.004914367,0.0017233185096095557,1.4283012972232396
24,competit,0.004671258,0.0025598808929151655,0.9147331419640296
24,relat,0.004245987,0.0046748075906518395,0.45625795846004713
24,foreign,0.004079207,0.0028253985189208588,0.7239212812357089
24,suppli,0.00403564,0.0015838914457252874,1.275981402931711
24,success,0.003912055,0.0034289358441520652,0.5724034069766095
24,intellectu,0.0038253753,0.002756533673454542,0.6957869148298863
24,depend,0.0036449279,0.0022817542106973294,0.8005342299515019
24,condit,0.0035869204,0.0024895611563474475,0.7221855732610362
24,wafer,0.0035311978,8.535361128219552e-05,20.68746202943757
24,mr,0.0034964061,0.000507272030688503,3.448031383190824
24,devic,0.0034901164,0.0017221061003583882,1.015072996172371
24,sell,0.0034828829,0.0017349576384207642,1.0054785897190586
24,global,0.003464231,0.0011042623459634046,1.5703045871787427
24,limit,0.0034602708,0.00375604386011707,0.46235718706119483
24,test,0.0033398303,0.0020431520700675554,0.8189929057631213
24,protect,0.0033372364,0.003290478707668731,0.5087736096711316
24,various,0.0031497239,0.0015899534919811252,0.9920830380656622
24,current,0.0031384253,0.004238340260231521,0.3718114657005255
24,delay,0.0031225157,0.002814486835660351,0.55628329530242
24,technologies,0.0029867818,0.0007046522567785801,2.1208236960388773
25,medic,0.009043988,0.0025072623314144936,1.808080346609972
25,devic,0.0086139385,0.0017221061003583882,2.5052964448295714
25,patient,0.008448349,0.005559381380303684,0.7640523582268524
25,care,0.006737528,0.0021197763347413448,1.5925760290641813
25,healthcar,0.006615348,0.0024519764695612534,1.3522904727304401
25,fda,0.0054860814,0.007177947730612364,0.3848913621899458
25,clinic,0.0053780107,0.010476913303039268,0.2593490791248277
25,payment,0.005155942,0.002890626136633673,0.894416225624903
25,physician,0.0049353275,0.0012710898589240595,1.943843962587093
25,medicar,0.004789298,0.0012206536340754895,1.9641706192035102
25,relat,0.0047823037,0.0046748075906518395,0.5138885353636105
25,affect,0.0046877037,0.003868555438625419,0.6082164772448031
25,claim,0.0046470203,0.003302360318330173,0.7059142456311801
25,reimburs,0.004507884,0.002228408203645957,1.0137122354089658
25,act,0.0042395187,0.003542902313761815,0.6004312968211708
25,govern,0.004009498,0.003277142205905888,0.6137416778678261
25,technolog,0.003948454,0.004196633381991358,0.4724053385135142
25,current,0.00391628,0.004238340260231521,0.46396444877832066
25,test,0.0039134664,0.0020431520700675554,0.959659884670248
25,obtain,0.0035383727,0.004531258335313601,0.3922095929340365
25,limit,0.0033597862,0.00375604386011707,0.44893055896709444
25,stock,0.003282436,0.00486273102458281,0.33915072859727136
25,insur,0.0032706424,0.0014675001576132027,1.1159937589974693
25,approv,0.0032682826,0.008736621063913366,0.18867914439784506
25,maintain,0.0032246073,0.0026028001804064968,0.6210619541773682
25,complianc,0.0031840869,0.001900330260280018,0.8393640198524659
25,facil,0.0030702006,0.001815704094548523,0.846992399691717
25,protect,0.0030602247,0.003290478707668731,0.4665421927686645
25,substanti,0.002929496,0.002768415284115984,0.5305573538551551
25,design,0.002737224,0.0029776771208675033,0.46099267317534265
26,approv,0.004465669,0.008736621063913366,0.2578046908606642
26,clinic,0.004159144,0.010476913303039268,0.20057048277193024
26,fda,0.0033641348,0.007177947730612364,0.2360202751353138
26,relat,0.0033602766,0.0046748075906518395,0.3610827993570571
26,stock,0.0030902382,0.00486273102458281,0.3192923050958017
26,trial,0.0027555774,0.006532703527140993,0.21228414867800544
26,obtain,0.002724537,0.004531258335313601,0.30200027294291676
26,drug,0.002696093,0.007037308257476928,0.19290516180119055
26,current,0.0026455922,0.004238340260231521,0.31342518085568455
26,commerci,0.002586198,0.00620705040227739,0.20962055503678953
26,limit,0.0024824066,0.00375604386011707,0.3316961519776833
26,patient,0.0024669028,0.005559381380303684,0.22310191721804976
26,potenti,0.002411903,0.003726946038089049,0.32478229131932246
26,design,0.002254114,0.0029776771208675033,0.37962914590688923
26,protect,0.002247148,0.003290478707668731,0.3425857380342923
26,one,0.0021263706,0.0027528964457010393,0.3872692410805914
26,research,0.0021034386,0.0031180741121527053,0.33834944302991854
26,act,0.0020720656,0.003542902313761815,0.2934609177523732
26,claim,0.0020508992,0.003302360318330173,0.3115456539863771
26,affect,0.00201429,0.003868555438625419,0.2613485189312883
26,delay,0.0019138207,0.002814486835660351,0.34095152650893773
26,candid,0.0018621632,0.0049395977711068325,0.18942448491317518
26,foreign,0.0018547864,0.0028253985189208588,0.32916187129953445
26,competit,0.0018509377,0.0025598808929151655,0.36245356399796935
26,success,0.0018352474,0.0034289358441520652,0.2685294234942711
26,parti,0.0018113363,0.003040479920077982,0.2987757919102247
26,make,0.0017759454,0.0023901435977517083,0.3724023499316035
26,upon,0.0017442461,0.002093830776766359,0.4173924382770629
26,substanti,0.0017277506,0.002768415284115984,0.3129107440124466
26,technolog,0.0017198068,0.004196633381991358,0.2057630546254624
27,contain,0.046392772,0.001355473542805321,17.1363199115206
27,containers,0.009027778,1.9398548018680802e-05,232.69662471895572
27,trade,0.0067856517,0.0019873812445138483,1.7105770129746796
27,current,0.0062066396,0.004238340260231521,0.7353049831305333
27,insur,0.0053684553,0.0014675001576132027,1.8317999811695305
27,loss,0.0053266915,0.0023421321914054733,1.1398091415622955
27,global,0.0051873224,0.0011042623459634046,2.3513663077342897
27,term,0.005155414,0.0026289882202317157,0.9830716166383209
27,maintain,0.004979911,0.0026028001804064968,0.959134808915775
27,demand,0.0049358327,0.0012298679443843628,2.0091194095867113
27,affect,0.0047844662,0.003868555438625419,0.6207711485812472
27,lesse,0.004724598,4.413169674249882e-05,53.53075994490032
27,larg,0.004704327,0.0010094519425221022,2.332491251143544
27,refriger,0.0046813833,2.036847541961484e-05,114.91971087158613
27,condit,0.0045429086,0.0024895611563474475,0.9146629052511619
27,financ,0.0043876935,0.0007693949107909273,2.853586166937713
27,default,0.004355346,0.00027254959966246527,7.992183635266517
27,sell,0.004299789,0.0017349576384207642,1.2413124845824957
27,depot,0.004295852,1.8428620617746763e-05,116.5559618112288
27,relat,0.004294865,0.0046748075906518395,0.461510170889951
27,tabl,0.0042240582,0.0017373824569230994,1.2177505961554975
27,share,0.004166239,0.002888201318131338,0.7233345978730704
27,damag,0.004157854,0.0008811790437485755,2.3613348624162347
27,typic,0.0041160705,0.0008057671883259538,2.5561893751718365
27,level,0.0040608663,0.0015872861916285566,1.2812157283499246
27,chassi,0.0039527435,1.115416511074146e-05,177.18885886478847
27,locat,0.0038451557,0.0008123141982822585,2.368713477788382
27,equipment,0.003700545,0.00019204562538493994,9.636396881536289
27,make,0.0036749544,0.0023901435977517083,0.7706102012023519
27,credit,0.0036270972,0.0009531961532679279,1.904411047408265
28,clinic,0.011651466,0.010476913303039268,0.5618800463648606
28,affect,0.0069563165,0.003868555438625419,0.9025626668198202
28,biopharmaceut,0.006455365,0.0002468465235377132,13.078893100524922
28,drug,0.0059378087,0.007037308257476928,0.42484957529616024
28,global,0.00583249,0.0011042623459634046,2.6438149711714103
28,research,0.0056753824,0.0031180741121527053,0.9129158744803201
28,relat,0.0054050838,0.0046748075906518395,0.5808101601671407
28,softwar,0.0047386675,0.0013455317869457471,1.7632595483731186
28,competit,0.0046479953,0.0025598808929151655,0.9101778275438853
28,offic,0.0044565448,0.001624628396564517,1.3737864607138865
28,trial,0.0043037683,0.006532703527140993,0.3315536593215303
28,employ,0.004288691,0.0006333625928099282,3.387796691213813
28,might,0.0039563808,0.0008101318616301569,2.44379103176659
28,mani,0.003747662,0.002126323344697649,0.8831278682020317
28,temporari,0.0037210935,0.00012706048952235925,14.644860664652732
28,experi,0.0036991234,0.0014553760651015272,1.2726975172341164
28,project,0.003672184,0.0005026648755340663,3.6545519825102324
28,pharmaceut,0.0036712498,0.002084858948307719,0.8822908335060222
28,technolog,0.003636613,0.004196633381991358,0.435095732905186
28,potenti,0.0034131778,0.003726946038089049,0.4596120373476339
28,limit,0.0033673786,0.00375604386011707,0.4499450428275334
28,larg,0.0033076932,0.0010094519425221022,1.6400147397168998
28,credit,0.0032733274,0.0009531961532679279,1.7186638243695784
28,approxim,0.0032489167,0.0016753071032633206,0.9712725604060135
28,various,0.0032007808,0.0015899534919811252,1.0081646859393767
28,success,0.0031770281,0.0034289358441520652,0.46485587948554286
28,well,0.0031609954,0.0023988729443601147,0.6604306128657496
28,companies,0.003159657,0.0008869986081541796,1.7826744428138337
28,design,0.0031570208,0.0029776771208675033,0.5316932023423633
28,staff,0.0030747962,0.0003288053889166396,4.677245697742849
29,pain,0.030117372,0.00040348979878856067,37.3361658630915
29,devic,0.018921938,0.0017221061003583882,5.503297205106414
29,quell,0.013285327,5.480089815277327e-05,121.22114114114288
29,fda,0.010993341,0.007177947730612364,0.7712685454460754
29,chronic,0.008850849,0.0004039747624890277,10.959131083745813
29,medic,0.00870121,0.0025072623314144936,1.7395519441195424
29,nerv,0.008303219,6.644002696398174e-05,62.49072658509207
29,clinic,0.007556604,0.010476913303039268,0.3644095301686699
29,stock,0.007271933,0.00486273102458281,0.7513570378945171
29,commerci,0.0071304557,0.00620705040227739,0.5779488101629142
29,dpncheck,0.006927488,2.8612858327554183e-05,121.05896660151608
29,studi,0.006865138,0.0031551738352384325,1.0913501524821936
29,technolog,0.005496257,0.004196633381991358,0.6575893410171556
29,success,0.005275871,0.0034289358441520652,0.7719540410337676
29,care,0.0048295096,0.0021197763347413448,1.1415702332292403
29,caus,0.0047217626,0.002229378131046891,1.0613473642867466
29,claim,0.0046261395,0.003302360318330173,0.7027423213984259
29,intellectu,0.0044578644,0.002756533673454542,0.8108286035472768
29,issu,0.004402215,0.0024616757435705935,0.8963511877272526
29,affect,0.0042601987,0.003868555438625419,0.5527488957363244
29,relief,0.0041487725,0.00017143466811509158,12.102230374632493
29,obtain,0.003951664,0.004531258335313601,0.43802072181395146
29,protect,0.0038677163,0.003290478707668731,0.5896471727227822
29,stimul,0.0038329351,9.068821198733275e-05,21.134404575874914
29,approv,0.0037905609,0.008736621063913366,0.21883045762084977
29,abl,0.0037672678,0.0025829166686873488,0.7311498635349543
29,relat,0.0037194155,0.0046748075906518395,0.3996745315271461
29,patient,0.0035195642,0.005559381380303684,0.31830257054964745
29,pma,0.0034966308,0.00022672052996833186,7.713072067777189
29,substanti,0.003363782,0.002768415284115984,0.6092103376546832
30,hbv,0.017178807,0.00011469391516045024,74.89838361634969
30,approv,0.010124516,0.008736621063913366,0.5844919749205018
30,drug,0.00913436,0.007037308257476928,0.6535624578216753
30,commerci,0.0075067854,0.00620705040227739,0.6084516762992626
30,sanofi,0.0074871923,0.00010256982264877474,36.50177045709268
30,treatment,0.006856258,0.003242952265022963,1.0605294161963095
30,candid,0.006728124,0.0049395977711068325,0.6844037118478077
30,collabor,0.006644951,0.002178456942497854,1.5284733863083855
30,clinic,0.00633452,0.010476913303039268,0.3054757625754731
30,research,0.0061872085,0.0031180741121527053,0.9952458494892901
30,arbutus,0.005773675,2.643052167545259e-05,109.2265191449882
30,eylea,0.005625005,5.601330740394082e-05,50.21413853221262
30,phase,0.0056231045,0.0022589609167753795,1.247433465514604
30,relat,0.005474341,0.0046748075906518395,0.5882522955896397
30,obtain,0.0051754187,0.004531258335313601,0.5736673414386253
30,technolog,0.005136406,0.004196633381991358,0.6145356518817564
30,praluent,0.004870567,2.3278257622416963e-05,104.61866309853697
30,antibodi,0.004773928,0.0003532960557902241,6.758658049140424
30,share,0.004487118,0.002888201318131338,0.7790450566232974
30,stock,0.004438276,0.00486273102458281,0.45857544418345325
30,fda,0.004429412,0.007177947730612364,0.31075777716437714
30,ciprofloxacin,0.004348398,2.230833022148292e-05,97.46348446064994
30,patient,0.0043035056,0.005559381380303684,0.3892007201270885
30,current,0.004057213,0.004238340260231521,0.48066091892939605
30,kevzara,0.0040225256,1.9398548018680802e-05,103.68311202269979
30,infect,0.0038482647,0.00024320929578421056,7.913350132620496
30,fund,0.0037825056,0.0014822915504774468,1.2777892480378186
30,studi,0.003768818,0.0031551738352384325,0.5991285204275574
30,inhal,0.0037453645,6.813739991561632e-05,27.485783834819884
30,inc,0.0036508546,0.0015557635510982002,1.175157509768336
31,abbvi,0.020056427,0.00016828240406205596,59.60160178538702
31,shire,0.011299733,7.686674652402267e-05,73.50774006485022
31,nutrit,0.006306152,4.510162414343287e-05,69.91362724651992
31,baxter,0.006250741,5.431593445230624e-05,57.5437073679142
31,approv,0.005734263,0.008736621063913366,0.3310410871927565
31,supplement,0.0055406704,0.0003297753163175736,8.40344510859851
31,treatment,0.005233666,0.003242952265022963,0.8095460598745177
31,level,0.004731847,0.0015872861916285566,1.492912177292683
31,hemophilia,0.0045108604,4.7768924496001476e-05,47.217683368791505
31,distribut,0.0044765705,0.0017255008462616574,1.2994183283707545
31,global,0.0043924963,0.0011042623459634046,1.9910788385246194
31,order,0.0043859,0.0017233185096095557,1.2747087948536586
31,relat,0.0043358686,0.0046748075906518395,0.46591628694417137
31,well,0.003951044,0.0023988729443601147,0.8254963822300299
31,baxalta,0.003782409,3.9767023438295644e-05,47.55899610479998
31,hae,0.0037718003,2.9825267578721733e-05,63.2335116525864
31,consent,0.0036800404,0.00029340303878254713,6.2731458264016275
31,sell,0.003603324,0.0017349576384207642,1.0402489363224487
31,complianc,0.0035360672,0.001900330260280018,0.9321503146350627
31,human,0.003504295,0.001081226570191221,1.6222704544819662
31,ingredi,0.0034818065,0.0001597955393038831,10.896308122940992
31,condit,0.0034739345,0.0024895611563474475,0.6994371373683899
31,china,0.0032949606,0.00048496370046702004,3.3987683292338624
31,affect,0.003285679,0.003868555438625419,0.42630769013364966
31,countri,0.0032327715,0.0017873337180712024,0.9059722701930598
31,current,0.003197974,0.004238340260231521,0.3788662500829829
31,dietari,0.003055258,4.6556515244833926e-05,32.81388417562751
31,direct,0.003055077,0.0010201211439323766,1.4989364807488894
31,markets,0.0030145405,0.0007672125741388258,1.9661130615540658
31,claim,0.0030122753,0.003302360318330173,0.4575852799877673
32,clinic,0.00574002,0.010476913303039268,0.27680660716388095
32,approv,0.004357137,0.008736621063913366,0.2515390908483611
32,trial,0.0038930352,0.006532703527140993,0.299911610856379
32,fda,0.0036752492,0.007177947730612364,0.25784737210082015
32,obtain,0.0034827373,0.004531258335313601,0.38604271367435905
32,patient,0.0033721337,0.005559381380303684,0.30496924521676777
32,relat,0.0032515738,0.0046748075906518395,0.3494020008060712
32,drug,0.0029917774,0.007037308257476928,0.2140613519039003
32,stock,0.0027720658,0.00486273102458281,0.2864178182175761
32,commerci,0.002656885,0.00620705040227739,0.21534998128626864
32,potenti,0.0025003504,0.003726946038089049,0.33669242852422904
32,technolog,0.0022949371,0.004196633381991358,0.27457344361165537
32,research,0.002231911,0.0031180741121527053,0.359014930557565
32,protect,0.0021192618,0.003290478707668731,0.3230890314257378
32,current,0.0021141262,0.004238340260231521,0.2504620301669742
32,limit,0.0020552406,0.00375604386011707,0.2746187495020368
32,govern,0.0020069524,0.003277142205905888,0.30720813440137773
32,candid,0.0019993412,0.0049395977711068325,0.20337861690716863
32,affect,0.0019568882,0.003868555438625419,0.2539007910717155
32,act,0.0019228555,0.003542902313761815,0.2723287041588311
32,claim,0.0018953419,0.003302360318330173,0.2879154338655027
32,delay,0.0018778823,0.002814486835660351,0.33454900839355545
32,competit,0.0017890942,0.0025598808929151655,0.35034326298286594
32,parti,0.00177974,0.003040479920077982,0.29356405705378846
32,intellectu,0.0017409419,0.002756533673454542,0.31665509404205516
32,success,0.0016726722,0.0034289358441520652,0.24474177795404303
32,one,0.0015803529,0.0027528964457010393,0.2878247464237208
32,compli,0.0015418242,0.001916091580545196,0.4031066386678911
32,share,0.0014560974,0.002888201318131338,0.252804893408114
32,term,0.0014549338,0.0026289882202317157,0.2774372992345742
33,hospit,0.026804041,0.000666097642591452,20.133606179478004
33,care,0.017072331,0.0021197763347413448,4.0354542136085785
33,facil,0.014664803,0.001815704094548523,4.045656361821123
33,healthcar,0.010691667,0.0024519764695612534,2.185559858447545
33,patient,0.009201253,0.005559381380303684,0.8321434952694903
33,center,0.007876741,0.0007887934588096081,4.996842837694928
33,medicar,0.0078374455,0.0012206536340754895,3.2142665463841613
33,medicaid,0.007699496,0.0010130891702756048,3.803858838405892
33,payment,0.0075177825,0.002890626136633673,1.304131570086426
33,behavior,0.0067403894,0.0001355473542805321,24.866966491196912
33,claim,0.006081731,0.003302360318330173,0.9238566567226372
33,nurs,0.0060075973,9.844763119480507e-05,30.514643556494587
33,9,0.0059753004,0.0003067395405453902,9.743010790911853
33,uk,0.0059557892,0.000252908569793551,11.777567508320608
33,medic,0.005693707,0.0025072623314144936,1.13828989799356
33,physician,0.0053919726,0.0012710898589240595,2.1236996931935854
33,inpati,0.0052037216,7.080470026818493e-05,36.749608482202284
33,affect,0.0051282854,0.003868555438625419,0.6653807241389005
33,act,0.00485764,0.003542902313761815,0.6879740808007473
33,facilities,0.004770121,0.00043864966707241965,5.439663861319757
33,govern,0.0045652976,0.003277142205905888,0.6988190422797609
33,offic,0.00445152,0.001624628396564517,1.372237455833759
33,relat,0.004365417,0.0046748075906518395,0.46909146262097057
33,acut,0.004224472,0.00022866038477019996,9.239550146005389
33,condit,0.0041819685,0.0024895611563474475,0.8419917240346592
33,legisl,0.0038321072,0.0009262806678920083,2.0704614253305094
33,stock,0.003771717,0.00486273102458281,0.38970465234066687
33,locat,0.0037388126,0.0008123141982822585,2.3032034495310274
33,outpati,0.0036350577,0.00015906809375318257,11.42792325524085
33,share,0.00352032,0.002888201318131338,0.6111913507059377
34,clinic,0.006589395,0.010476913303039268,0.31776685181793796
34,approv,0.004366504,0.008736621063913366,0.2520798651611134
34,fda,0.004153453,0.007177947730612364,0.2913970843631527
34,commerci,0.0036846243,0.00620705040227739,0.2986519151389604
34,patient,0.0032038991,0.005559381380303684,0.289754435858126
34,drug,0.0030511294,0.007037308257476928,0.21830798284754183
34,candid,0.0029537675,0.0049395977711068325,0.3004655545636166
34,current,0.002869793,0.004238340260231521,0.3399864054385814
34,relat,0.0024800585,0.0046748075906518395,0.2664978411382819
34,trial,0.0024666975,0.006532703527140993,0.1900294167392569
34,obtain,0.0022266968,0.004531258335313601,0.24681737260645942
34,potenti,0.0021527864,0.003726946038089049,0.2898901210039419
34,studi,0.002126988,0.0031551738352384325,0.33812701801863626
34,stock,0.002043498,0.00486273102458281,0.21114009310365947
34,limit,0.0019931174,0.00375604386011707,0.26631792641053637
34,design,0.0018455005,0.0029776771208675033,0.31081204878760527
34,third,0.0017396386,0.0030564837221933937,0.2854515123344978
34,govern,0.0016964787,0.003277142205905888,0.2596833135191166
34,research,0.0016789619,0.0031180741121527053,0.2700700782488283
34,affect,0.0016507397,0.003868555438625419,0.21417887094104013
34,protect,0.001647337,0.003290478707668731,0.25114241189472813
34,technolog,0.0016299698,0.004196633381991358,0.1950146748974783
34,payment,0.0016120224,0.002890626136633673,0.27964220905252013
34,thirdparti,0.0015889369,0.0023884462248000738,0.33342429252180655
34,well,0.0015633713,0.0023988729443601147,0.32663705851760905
34,one,0.0015618192,0.0027528964457010393,0.28444926715716096
34,treatment,0.0015576289,0.003242952265022963,0.2409348095955672
34,collabor,0.001551266,0.002178456942497854,0.3568225932001057
34,foreign,0.0015491105,0.0028253985189208588,0.27491473489398777
34,complet,0.0015311155,0.0022218611936896523,0.34532252301082217
35,clinic,0.006691762,0.010476913303039268,0.32270338567122897
35,drug,0.0047019906,0.007037308257476928,0.33642692763165044
35,approv,0.00451221,0.008736621063913366,0.2604915187321267
35,fda,0.004239315,0.007177947730612364,0.2974209976162638
35,trial,0.0037173424,0.006532703527140993,0.28637658756580014
35,commerci,0.0036457668,0.00620705040227739,0.29550237065702023
35,candid,0.003182409,0.0049395977711068325,0.32372361753498763
35,stock,0.003018731,0.00486273102458281,0.3119039774328518
35,affect,0.002731945,0.003868555438625419,0.3544622306461599
35,relat,0.0027269137,0.0046748075906518395,0.293023980793874
35,patient,0.0025793978,0.005559381380303684,0.23327573997559872
35,obtain,0.002468852,0.004531258335313601,0.2736589835038291
35,potenti,0.0024433043,0.003726946038089049,0.3290107132716707
35,technolog,0.0021902025,0.004196633381991358,0.2620426602965109
35,limit,0.00213051,0.00375604386011707,0.28467616746648533
35,protect,0.0020339666,0.003290478707668731,0.3100854766901031
35,parti,0.0019169766,0.003040479920077982,0.316200932933267
35,share,0.0018654431,0.002888201318131338,0.323874731044459
35,design,0.0018041261,0.0029776771208675033,0.30384392075190175
35,govern,0.0017288789,0.003277142205905888,0.2646428826929806
35,current,0.0017191184,0.004238340260231521,0.20366517883162658
35,payment,0.0016979306,0.002890626136633673,0.2945449577231667
35,term,0.0016941617,0.0026289882202317157,0.32305500567767437
35,research,0.0016939839,0.0031180741121527053,0.27248644801204447
35,act,0.0016533692,0.003542902313761815,0.23416210007966867
35,foreign,0.0016360042,0.0028253985189208588,0.2903354243051093
35,success,0.0016326231,0.0034289358441520652,0.2388818829077464
35,claim,0.0016308087,0.003302360318330173,0.24773102457297563
35,third,0.0016003081,0.0030564837221933937,0.26258923202724066
35,abl,0.0015649145,0.0025829166686873488,0.3037179905503822
36,vaccin,0.014198561,0.00013966954573450179,50.83622285346306
36,clinic,0.01254327,0.010476913303039268,0.604886418067015
36,immun,0.008894745,0.00034480919103205125,12.902516060785171
36,trial,0.008298565,0.006532703527140993,0.6393047480626073
36,approv,0.007958616,0.008736621063913366,0.45945380282863074
36,cell,0.0060467697,0.0011430594420007662,2.6480169226552763
36,candid,0.0057818796,0.0049395977711068325,0.5881490839576141
36,technolog,0.0057751904,0.004196633381991358,0.6909618083369021
36,studi,0.005622774,0.0031551738352384325,0.8938516577102514
36,commerci,0.0055770795,0.00620705040227739,0.45204214045939234
36,fda,0.0055425675,0.007177947730612364,0.388854303104442
36,protect,0.005435384,0.003290478707668731,0.828643698690359
36,cancer,0.005050956,0.0011217210391802174,2.2539568184521626
36,immunotherapi,0.0049530743,0.000108874350754846,22.749221912221174
36,collabor,0.004769333,0.002178456942497854,1.0970432479766952
36,vagin,0.004696951,3.9282059737828624e-05,59.787283550565604
36,influenza,0.0046604085,5.1406152249504123e-05,45.33161740327465
36,virus,0.0045844945,0.00013481990872983156,17.00458276844014
36,obtain,0.0045308853,0.004531258335313601,0.5022242754228476
36,antigen,0.004428606,0.00010329726819947527,21.438434698239643
36,dna,0.0043846276,0.00014548911014010602,15.070768791840722
36,research,0.0043505756,0.0031180741121527053,0.6998135513593882
36,generat,0.004217322,0.001523755946867377,1.3859660933914646
36,phase,0.004169634,0.0022589609167753795,0.9249945599063927
36,contracept,0.004123667,3.128015868012279e-05,65.91711730917
36,potenti,0.00405788,0.003726946038089049,0.5464264150345656
36,prevent,0.004029057,0.0017783618896125624,1.1348146104659171
36,design,0.0039705443,0.0029776771208675033,0.6687036835977577
36,mileston,0.0039238515,0.0005414619715714278,3.6253479962693667
36,intellectu,0.003790587,0.002756533673454542,0.6894593509173406
37,clinic,0.0063109375,0.010476913303039268,0.3043385213131751
37,trial,0.0039049867,0.006532703527140993,0.30083232498850115
37,fda,0.0032963636,0.007177947730612364,0.23126559871887317
37,approv,0.003290862,0.008736621063913366,0.18998266426516688
37,patient,0.0027571772,0.005559381380303684,0.24935377091198402
37,stock,0.0027196107,0.00486273102458281,0.28099800484053916
37,drug,0.0025824725,0.007037308257476928,0.18477563268766925
37,commerci,0.0025247745,0.00620705040227739,0.20464196032362414
37,potenti,0.002386968,0.003726946038089049,0.3214245605370801
37,affect,0.0020889263,0.003868555438625419,0.27103235654993957
37,relat,0.0019762525,0.0046748075906518395,0.21236073307171185
37,obtain,0.0019189919,0.004531258335313601,0.21270993802042257
37,candid,0.0018867056,0.0049395977711068325,0.19192101158072702
37,protect,0.001830122,0.003290478707668731,0.2790086349791881
37,treatment,0.0017766693,0.003242952265022963,0.27481609331311074
37,limit,0.001772623,0.00375604386011707,0.23685573966523754
37,loss,0.0017667171,0.0023421321914054733,0.3780433386299099
37,condit,0.0017539882,0.0024895611563474475,0.3531455466649808
37,current,0.001734451,0.004238340260231521,0.2054816423753315
37,intellectu,0.00169536,0.002756533673454542,0.30836434006107016
37,act,0.0016378157,0.003542902313761815,0.23195930994251698
37,healthcar,0.0016015226,0.0024519764695612534,0.32737864150135754
37,govern,0.0015894517,0.003277142205905888,0.24330047991329543
37,research,0.0015751508,0.0031180741121527053,0.25337149468954734
37,success,0.0015744846,0.0034289358441520652,0.23037518198282417
37,abl,0.00155653,0.0025829166686873488,0.3020907369918088
37,one,0.0014807167,0.0027528964457010393,0.2696783252575869
37,substanti,0.0014613608,0.002768415284115984,0.26466522173977614
37,share,0.0014566532,0.002888201318131338,0.25290140480098405
37,complet,0.0014380354,0.0022218611936896523,0.32432955667882124
38,translarna,0.02532067,0.00011420895145998322,110.86504673905822
38,clinic,0.012014603,0.010476913303039268,0.5793919853902011
38,emflaza,0.011657008,5.310352520113869e-05,109.76321208410468
38,treatment,0.011213182,0.003242952265022963,1.73446052138618
38,drug,0.011064581,0.007037308257476928,0.7916695630437722
38,commerci,0.010962964,0.00620705040227739,0.8885872508664053
38,trial,0.010064097,0.006532703527140993,0.775317817656527
38,patient,0.009080083,0.005559381380303684,0.8211851400191112
38,fda,0.008930879,0.007177947730612364,0.6265707436096912
38,dmd,0.008840151,7.153214581888546e-05,61.795877817765636
38,approv,0.00854862,0.008736621063913366,0.49351494981812444
38,studi,0.008510905,0.0031551738352384325,1.3529775457031843
38,act,0.007592316,0.003542902313761815,1.0752786760666286
38,ema,0.00628591,0.000435497403019384,7.22007465814624
38,relat,0.0056560603,0.0046748075906518395,0.6077791631483574
38,reimburs,0.0054629087,0.002228408203645957,1.2284738121985461
38,obtain,0.0054514124,0.004531258335313601,0.6042597616918707
38,sma,0.005379992,2.8370376477320674e-05,94.81976223051842
38,eea,0.005091261,0.00012730297137259275,19.999176752975302
38,european,0.004866815,0.0012402946639444037,1.9643926555031361
38,exclus,0.004611575,0.0015521263233446976,1.4878727079885932
38,tabl,0.0042386437,0.0017373824569230994,1.2219554225814093
38,collabor,0.004060426,0.002178456942497854,0.933980190058928
38,candid,0.0040125796,0.0049395977711068325,0.4081708956812825
38,orphan,0.0040082103,0.0009323427141478461,2.1515410743836645
38,oblig,0.003939838,0.0013465017143466811,1.4649603136187206
38,limit,0.003823381,0.00375604386011707,0.510875517786213
38,maintain,0.003668766,0.0026028001804064968,0.7066072715851626
38,current,0.003565026,0.004238340260231521,0.42235115102182813
38,nonsens,0.0035101187,1.576132026517815e-05,111.3540604474614
39,cancer,0.031631935,0.0011217210391802174,14.115549449989683
39,treatment,0.014624241,0.003242952265022963,2.262084872676685
39,breast,0.012805431,0.0002051396452975495,31.217900452460547
39,prostat,0.011732381,8.001901057705831e-05,73.31582561502177
39,radiat,0.011711801,0.00011008676000601356,53.19936164849056
39,brachytherapi,0.011286704,5.8195644056042406e-05,96.97771104510564
39,patient,0.010439356,0.005559381380303684,0.9441151362127254
39,seed,0.0073136277,4.025198713876266e-05,90.85169028448144
39,medic,0.0061581032,0.0025072623314144936,1.2311322867953196
39,clinic,0.005689613,0.010476913303039268,0.2743757856848764
39,fda,0.0055574575,0.007177947730612364,0.3898989516183447
39,reimburs,0.0055520963,0.002228408203645957,1.2485299192934467
39,physician,0.005338012,0.0012710898589240595,2.102446506938637
39,therapi,0.0051236255,0.0014384023355851815,1.7835744622358782
39,current,0.005052074,0.004238340260231521,0.5985227654225783
39,healthcar,0.0044483175,0.0024519764695612534,0.9093122797222591
39,relat,0.0038762155,0.0046748075906518395,0.41652367844004573
39,devic,0.0038275844,0.0017221061003583882,1.1132229156699713
39,studi,0.0037971465,0.0031551738352384325,0.6036318992036963
39,payment,0.0036446927,0.002890626136633673,0.6322554323474059
39,treat,0.0035974586,0.001080256642790287,1.6668931379691907
39,affect,0.0035762354,0.003868555438625419,0.464006565475063
39,follow,0.0035407394,0.0015640079340061396,1.1337145689961523
39,russian,0.003501444,3.079519497965577e-05,56.85224140998743
39,gynecolog,0.003491746,2.618803982521908e-05,66.66855354914097
39,obtain,0.0034704087,0.004531258335313601,0.38467615292709945
39,success,0.0033882644,0.0034289358441520652,0.49576351749645375
39,brain,0.0033805422,0.00015664327525084746,10.792265704148896
39,tumor,0.0033745281,0.00044859142293199355,3.7629363287240265
39,russia,0.0033360412,8.074645612775884e-05,20.659176686726923
40,technolog,0.008288124,0.004196633381991358,0.99161698243239
40,softwar,0.008159993,0.0013455317869457471,3.0363358286751345
40,affect,0.006358839,0.003868555438625419,0.8250416374657167
40,stock,0.0060421634,0.00486273102458281,0.6242937084031377
40,relat,0.0050176377,0.0046748075906518395,0.5391766542326999
40,design,0.004686996,0.0029776771208675033,0.7893656774485447
40,intellectu,0.004570282,0.002756533673454542,0.8312759326902309
40,protect,0.004521665,0.003290478707668731,0.6893440148554325
40,user,0.004331853,0.0007325376695554338,2.9589099650224533
40,current,0.00432507,0.004238340260231521,0.5123940981826681
40,competit,0.0042673736,0.0025598808929151655,0.8356438707534496
40,limit,0.0040640193,0.00375604386011707,0.5430293269252514
40,success,0.0039054365,0.0034289358441520652,0.5714350105997464
40,make,0.0038224454,0.0023901435977517083,0.801537949602339
40,demand,0.0035833353,0.0012298679443843628,1.458588445732849
40,foreign,0.003513503,0.0028253985189208588,0.6235279573205638
40,maintain,0.0034354706,0.0026028001804064968,0.6616743957117225
40,well,0.0033938105,0.0023988729443601147,0.7090729426438882
40,potenti,0.0033216346,0.003726946038089049,0.4472850055228398
40,caus,0.0033156332,0.002229378131046891,0.7452806943431108
40,depend,0.0032310085,0.0022817542106973294,0.7096252719214529
40,third,0.0031982532,0.0030564837221933937,0.5247907275436055
40,condit,0.0031723813,0.0024895611563474475,0.6387228416879234
40,substanti,0.0031474931,0.002768415284115984,0.570038516749479
40,abl,0.0031051112,0.0025829166686873488,0.6026387665750563
40,competitor,0.0030941714,0.001731562892517495,0.8950091193585749
40,partner,0.0030383526,0.0013086745457102536,1.1623702825340476
40,parti,0.0029830048,0.003040479920077982,0.4920398474710163
40,thirdparti,0.0029180425,0.0023884462248000738,0.612325291756687
40,enabl,0.002909574,0.0008203160993399644,1.774901609203215
41,clinic,0.017588176,0.010476913303039268,0.8481718380466563
41,patient,0.017009655,0.005559381380303684,1.5383202736951442
41,approv,0.01288611,0.008736621063913366,0.7439198017619497
41,trial,0.012567643,0.006532703527140993,0.9681859669490567
41,fda,0.0100010885,0.007177947730612364,0.7016543001603807
41,studi,0.008212285,0.0031551738352384325,1.3055059298846607
41,phase,0.008071908,0.0022589609167753795,1.7906777094109898
41,treatment,0.007669166,0.003242952265022963,1.186270457787603
41,drug,0.006862178,0.007037308257476928,0.49098810142473304
41,commerci,0.006323005,0.00620705040227739,0.512502063912573
41,roxadustat,0.005097522,0.00011445143331021673,22.271915719621436
41,candid,0.0049445378,0.0049395977711068325,0.5029723091090712
41,dose,0.0044211484,0.0010096944243723357,2.1915603133453474
41,current,0.004340934,0.004238340260231521,0.5142735351105815
41,potenti,0.0042779697,0.003726946038089049,0.5760632739123623
41,obtain,0.004098524,0.004531258335313601,0.45429934023135593
41,defici,0.0038237849,0.0003050421675937556,6.269545165308313
41,obes,0.0037270975,8.94758027361652e-05,20.82926836628833
41,limit,0.0036598865,0.00375604386011707,0.48902959763374554
41,complet,0.0036348572,0.0022218611936896523,0.8197931997866348
41,relat,0.0035493725,0.0046748075906518395,0.38140234748443014
41,foreign,0.003544153,0.0028253985189208588,0.6289673063515117
41,indic,0.0034364255,0.0015368499667799864,1.1197276288232703
41,china,0.0033951632,0.00048496370046702004,3.5021278385713233
41,parti,0.0033223077,0.003040479920077982,0.5480070936860434
41,success,0.0032273477,0.0034289358441520652,0.4722185331604892
41,iron,0.0032000865,0.0001040247137501758,15.382976337393261
41,protect,0.0031313584,0.003290478707668731,0.4773867825818624
41,govern,0.003104419,0.003277142205905888,0.4751994891581961
41,one,0.0030281793,0.0027528964457010393,0.5515128538131514
42,medidata,0.03312985,1.1396646960974972e-05,1453.507607213915
42,clinic,0.011359512,0.010476913303039268,0.5478008724364225
42,trial,0.007192764,0.006532703527140993,0.554116081498738
42,cro,0.005201961,3.346249533222438e-05,77.7308286901739
42,technolog,0.004801003,0.004196633381991358,0.574406959877857
42,patient,0.0032460762,0.005559381380303684,0.2935688455565444
42,stock,0.0031100789,0.00486273102458281,0.3213422995338189
42,current,0.0025436361,0.004238340260231521,0.30134637270933884
42,protect,0.002465272,0.003290478707668731,0.3758395410705785
42,affect,0.0024536499,0.003868555438625419,0.31835422832905846
42,govern,0.002444656,0.003277142205905888,0.3742082936451
42,devic,0.0023465105,0.0017221061003583882,0.6824641852375115
42,relat,0.0022652848,0.0046748075906518395,0.24341906009375655
42,medic,0.0022587383,0.0025072623314144936,0.4515685277600994
42,share,0.0022290247,0.002888201318131338,0.3869990838300094
42,streamline,0.0021906022,7.274455507005301e-07,1505.6823402408431
42,frankfurt,0.002148115,2.1823366521015904e-06,492.1604927375188
42,guidanc,0.002123849,0.00043840718522218615,2.4232952641585914
42,potenti,0.002058673,0.003726946038089049,0.2772169885768361
42,singlestudi,0.0020497402,9.6992740093404e-07,1056.6472074019257
42,act,0.0018000895,0.003542902313761815,0.254941693801926
42,approv,0.0017913966,0.008736621063913366,0.10341797958274457
42,tabl,0.001754348,0.0017373824569230994,0.5057596893516331
42,competit,0.0017533443,0.0025598808929151655,0.34334266770918687
42,delay,0.0016367658,0.002814486835660351,0.29159355371738194
42,cros,0.0016341462,0.00025800068864845465,3.1677586263344586
42,commerci,0.0016340488,0.00620705040227739,0.13244546766489518
42,success,0.0016297128,0.0034289358441520652,0.2384560419624573
42,obtain,0.0016034897,0.004531258335313601,0.17773821847536744
42,fda,0.0015578069,0.007177947730612364,0.10929229154834136
43,clinic,0.0039200755,0.010476913303039268,0.18904164137038
43,approv,0.0031463811,0.008736621063913366,0.1816417258875168
43,technolog,0.0030335842,0.004196633381991358,0.3629474843421498
43,commerci,0.0029205375,0.00620705040227739,0.23671995726423592
43,patient,0.0027417284,0.005559381380303684,0.24795661325552742
43,fda,0.002560316,0.007177947730612364,0.17962611298505848
43,drug,0.0024967357,0.007037308257476928,0.1786411696753172
43,obtain,0.0023974588,0.004531258335313601,0.26574541709235977
43,affect,0.0023630527,0.003868555438625419,0.3065994946646317
43,relat,0.002089809,0.0046748075906518395,0.2245630800598466
43,candid,0.002056415,0.0049395977711068325,0.20918432213174132
43,act,0.0020253644,0.003542902313761815,0.2868467602003738
43,potenti,0.0019436294,0.003726946038089049,0.26172543594912245
43,current,0.0018622965,0.004238340260231521,0.2206275825776006
43,trial,0.0017933111,0.006532703527140993,0.13815308288086697
43,limit,0.001751159,0.00375604386011707,0.23398773601948897
43,parti,0.0017274738,0.003040479920077982,0.28494287096502907
43,treatment,0.0017085877,0.003242952265022963,0.26428520626000646
43,third,0.0016721642,0.0030564837221933937,0.2743798565339175
43,success,0.001599663,0.0034289358441520652,0.23405923420234717
43,test,0.0015280618,0.0020431520700675554,0.3747111864632619
43,payment,0.0015077,0.002890626136633673,0.26154509104254947
43,protect,0.0014711977,0.003290478707668731,0.22428934725002142
43,share,0.0014660492,0.002888201318131338,0.2545327201999235
43,medic,0.001451693,0.0025072623314144936,0.2902234773263263
43,studi,0.0014416148,0.0031551738352384325,0.2291733260406267
43,govern,0.0014074184,0.003277142205905888,0.21543628893257885
43,stock,0.0014020696,0.00486273102458281,0.14486586465543252
43,substanti,0.001390486,0.002768415284115984,0.25182917373024205
43,well,0.0013758405,0.0023988729443601147,0.28745602825557215
44,clinic,0.0063512223,0.010476913303039268,0.30628121583843343
44,fda,0.0059603346,0.007177947730612364,0.41816392047217793
44,trial,0.005028865,0.006532703527140993,0.3874136409581141
44,approv,0.005009811,0.008736621063913366,0.2892182050944238
44,drug,0.0044362256,0.007037308257476928,0.31741146999329456
44,commerci,0.003387082,0.00620705040227739,0.27453504238575355
44,patient,0.002820282,0.005559381380303684,0.2550608457718587
44,stock,0.0024607328,0.00486273102458281,0.25424999784896446
44,obtain,0.0023398164,0.004531258335313601,0.25935607265466154
44,candid,0.0022544186,0.0049395977711068325,0.22932580637021022
44,relat,0.0022003108,0.0046748075906518395,0.2364372012997824
44,potenti,0.0021313345,0.003726946038089049,0.2870014554550708
44,success,0.0021086205,0.0034289358441520652,0.3085287827207424
44,limit,0.002065228,0.00375604386011707,0.27595326756997474
44,current,0.0019642757,0.004238340260231521,0.23270913529325363
44,studi,0.0019510868,0.0031551738352384325,0.3101640227726007
44,delay,0.0019166531,0.002814486835660351,0.34145612231193423
44,technolog,0.0018923811,0.004196633381991358,0.2264103832369627
44,treatment,0.0018703244,0.003242952265022963,0.2893027076605959
44,claim,0.0017892824,0.003302360318330173,0.2718042714209466
44,share,0.0017197756,0.002888201318131338,0.29858421866705614
44,govern,0.0017186737,0.003277142205905888,0.26308075276541887
44,intellectu,0.0016955846,0.002756533673454542,0.30840518559460867
44,payment,0.001678038,0.002890626136633673,0.2910941332971987
44,act,0.001639922,0.003542902313761815,0.23225761972561682
44,candidates,0.0015617607,0.0024131793735238916,0.32437072340839795
44,substanti,0.0015585937,0.002768415284115984,0.28227494458058866
44,research,0.0015339096,0.0031180741121527053,0.2467376291929712
44,thirdparti,0.0015072663,0.0023884462248000738,0.3162864453502609
44,parti,0.0015026793,0.003040479920077982,0.2478635310153858
45,fda,0.003723084,0.007177947730612364,0.2612033577233618
45,approv,0.0036140757,0.008736621063913366,0.2086419050378907
45,commerci,0.0033737624,0.00620705040227739,0.27345544605292543
45,clinic,0.0032702752,0.010476913303039268,0.15770568517751335
45,trial,0.0032619713,0.006532703527140993,0.25129571280277185
45,candid,0.0029107947,0.0049395977711068325,0.29609423487127495
45,drug,0.0024727108,0.007037308257476928,0.17692219330848674
45,patient,0.0023811846,0.005559381380303684,0.2153497263070283
45,obtain,0.0020884122,0.004531258335313601,0.23148926376057527
45,technolog,0.0017983955,0.004196633381991358,0.21516565487858047
45,treatment,0.0017245007,0.003242952265022963,0.26674662571873514
45,stock,0.0017080207,0.00486273102458281,0.17647761365826622
45,parti,0.001652875,0.003040479920077982,0.2726379651610075
45,current,0.0016278892,0.004238340260231521,0.19285718902542945
45,protect,0.0016134061,0.003290478707668731,0.24596952867494998
45,research,0.0015901133,0.0031180741121527053,0.2557782954502293
45,intellectu,0.0015062006,0.002756533673454542,0.2739586585970721
45,act,0.0014292857,0.003542902313761815,0.2024257840614799
45,limit,0.0014189779,0.00375604386011707,0.18960209938312272
45,issu,0.0014075154,0.0024616757435705935,0.2865893739564196
45,success,0.0013795295,0.0034289358441520652,0.20184976635441185
45,relat,0.0013750251,0.0046748075906518395,0.14775507755389553
45,substanti,0.0013416847,0.002768415284115984,0.2429908311839687
45,affect,0.0013172125,0.003868555438625419,0.17090464451046455
45,studi,0.0013028928,0.0031551738352384325,0.207120705453912
45,third,0.0013010524,0.0030564837221933937,0.21348535803557
45,delay,0.0012886669,0.002814486835660351,0.22957893692565923
45,foreign,0.0012420627,0.0028253985189208588,0.22042412294385494
45,claim,0.0012014516,0.003302360318330173,0.18250874369661052
45,payment,0.001179722,0.002890626136633673,0.20464980608328331
46,vadadustat,0.016708437,9.408295789060189e-05,88.80465552544932
46,clinic,0.011667078,0.010476913303039268,0.5626329524929005
46,commerci,0.010838503,0.00620705040227739,0.878499242453252
46,otsuka,0.010075166,6.328776291094612e-05,79.6030943536849
46,approv,0.008567371,0.008736621063913366,0.4945974662242643
46,studi,0.007366431,0.0031551738352384325,1.1710405989904775
46,relat,0.0072758426,0.0046748075906518395,0.7818349331273381
46,drug,0.0057200883,0.007037308257476928,0.4092717038932963
46,mtpc,0.0053198547,3.8554614187128094e-05,68.99381471405233
46,payment,0.0051521384,0.002890626136633673,0.8937564177194908
46,parti,0.005081839,0.003040479920077982,0.8382377603813392
46,collabor,0.0050291186,0.002178456942497854,1.1567991636438462
46,phase,0.005024232,0.0022589609167753795,1.1145791581813078
46,current,0.004889857,0.004238340260231521,0.5793048222109414
46,schizophrenia,0.0047844,4.534410599366638e-05,52.758974388155856
46,research,0.0047204928,0.0031180741121527053,0.759316717638191
46,file,0.0046967743,0.002203675054922139,1.068016913452007
46,trial,0.0045648324,0.006532703527140993,0.35166551705295057
46,third,0.004309074,0.0030564837221933937,0.7070616154598264
46,stock,0.004214457,0.00486273102458281,0.43544980370597675
46,obtain,0.0041936478,0.004531258335313601,0.46484331219668057
46,share,0.004193148,0.002888201318131338,0.7280065173367625
46,fda,0.0041743345,0.007177947730612364,0.29286209478687475
46,anemia,0.004112772,0.00012948530802469436,15.883287394631214
46,janssen,0.004090634,6.54700995630477e-05,31.242521518789648
46,protect,0.0040330733,0.003290478707668731,0.6148564416639625
46,upon,0.004020418,0.002093830776766359,0.9620730004038232
46,countri,0.0039014826,0.0017873337180712024,1.0933760638969638
46,inject,0.0038282545,0.00038797096037361604,4.935601077257888
46,treatment,0.003763948,0.003242952265022963,0.5822093723517934
47,pharmaci,0.048196077,0.00030067749428955244,80.16989920793041
47,medic,0.030076316,0.0025072623314144936,6.012877962939312
47,dispens,0.015598211,0.00010960179630554654,71.16635655298565
47,autom,0.013353024,0.00020368475419614841,32.78532931470268
47,patient,0.011336669,0.005559381380303684,1.0252664293352105
47,suppli,0.011248356,0.0015838914457252874,3.556484863970746
47,healthcar,0.0104749575,0.0024519764695612534,2.141260735055467
47,drug,0.009327274,0.007037308257476928,0.667365445227923
47,hospit,0.009200034,0.000666097642591452,6.910519767584314
47,adher,0.0074109524,0.00014839889234290814,24.973407873241655
47,packag,0.00700664,0.0002883109199276434,12.154690798684756
47,prescript,0.0065895654,0.0005671650476961799,5.812508038076715
47,specialti,0.0065691713,0.0002854011377248413,11.511948105261938
47,technolog,0.006242579,0.004196633381991358,0.7468816183569111
47,care,0.0061909165,0.0021197763347413448,1.4633713425315014
47,facil,0.0059999498,0.001815704094548523,1.6552377427934617
47,distribut,0.005957094,0.0017255008462616574,1.7291712736173785
47,retail,0.0057103722,0.0002613954345517238,10.925716645842424
47,pharmacies,0.0053465907,5.9408053307209955e-05,45.00154428520449
47,mr,0.0051549766,0.000507272030688503,5.083654612032109
47,inc,0.005129641,0.0015557635510982002,1.6511575382712653
47,tabl,0.005019739,0.0017373824569230994,1.447136751798372
47,chain,0.0044363574,0.0002953428935844152,7.5127381689549075
47,design,0.0044059623,0.0029776771208675033,0.7420350926327565
47,order,0.00391495,0.0017233185096095557,1.1378328015614565
47,pharmacist,0.003908367,3.39474590326914e-05,57.56689435243607
47,administr,0.00386869,0.0013195862289707616,1.4678067178896261
47,nurs,0.00385826,9.844763119480507e-05,19.59742403967281
47,softwar,0.0035644504,0.0013455317869457471,1.326333030606119
47,pharmaceut,0.0035414656,0.002084858948307719,0.851100520496508
48,iluvien,0.011974811,7.759419207472321e-05,77.16904756773147
48,drug,0.01089102,0.007037308257476928,0.7792513389922086
48,stock,0.008864013,0.00486273102458281,0.9158552889952718
48,gene,0.008356185,0.0005812289950097235,7.1925537329189275
48,clinic,0.008202584,0.010476913303039268,0.39556126823276727
48,therapi,0.007550094,0.0014384023355851815,2.62824722142188
48,research,0.007311987,0.0031180741121527053,1.176172579486403
48,commerci,0.0070567373,0.00620705040227739,0.5719736736987162
48,treatment,0.0068035778,0.003242952265022963,1.052380807045276
48,share,0.005596528,0.002888201318131338,0.97165867448128
48,approv,0.005440851,0.008736621063913366,0.3141023184443831
48,technolog,0.0054168566,0.004196633381991358,0.648089632708949
48,dme,0.0053703994,5.310352520113869e-05,50.568061308742855
48,obtain,0.005128954,0.004531258335313601,0.5685169886791661
48,diseas,0.0049887486,0.0013154640375167919,1.898687823118496
48,abeona,0.0049754893,3.225008608105683e-05,77.14165146995855
48,candid,0.004919575,0.0049395977711068325,0.5004330324805584
48,potenti,0.004411358,0.003726946038089049,0.5940250768712507
48,affect,0.0043895785,0.003868555438625419,0.5695355636163074
48,loss,0.0043150275,0.0023421321914054733,0.9233325689564426
48,fda,0.004293761,0.007177947730612364,0.30124081227546207
48,limit,0.0041670394,0.00375604386011707,0.5567947488873078
48,trial,0.0041424255,0.006532703527140993,0.3191241351271133
48,relat,0.0040470427,0.0046748075906518395,0.43488012685656563
48,patient,0.004007769,0.005559381380303684,0.3624548539575977
48,preclin,0.0038763527,0.0012548435749584143,1.5464943106938605
48,success,0.0036485088,0.0034289358441520652,0.5338419082187258
48,issu,0.0035673943,0.0024616757435705935,0.7263702606374818
48,parti,0.0035260906,0.003040479920077982,0.5816206232353017
48,pharmaceut,0.0035142768,0.002084858948307719,0.8445663894358767
49,clinic,0.020314025,0.010476913303039268,0.9796231219945583
49,cell,0.008835387,0.0011430594420007662,3.869215573649854
49,approv,0.008722196,0.008736621063913366,0.5035355655780689
49,patient,0.008429001,0.005559381380303684,0.7623025420758465
49,commerci,0.008349703,0.00620705040227739,0.6767731188313008
49,candid,0.008158789,0.0049395977711068325,0.8299350000019415
49,fda,0.008004456,0.007177947730612364,0.5615749581411527
49,gene,0.007632846,0.0005812289950097235,6.569942750361922
49,therapi,0.0073234034,0.0014384023355851815,2.5493344929199906
49,studi,0.006883893,0.0031551738352384325,1.0943316283363527
49,trial,0.006453005,0.006532703527140993,0.49712654751062674
49,research,0.005796064,0.0031180741121527053,0.9323281784706058
49,obtain,0.005646657,0.004531258335313601,0.6259015974613462
49,potenti,0.0053485627,0.003726946038089049,0.7202272958098865
49,technolog,0.0049724705,0.004196633381991358,0.5949218861411542
49,test,0.0049601444,0.0020431520700675554,1.21632618698448
49,treatment,0.004915802,0.003242952265022963,0.760378679026214
49,relat,0.004567811,0.0046748075906518395,0.49083992736980003
49,current,0.004398569,0.004238340260231521,0.5211015822095553
49,intellectu,0.0043783523,0.002756533673454542,0.7963663625991644
49,biolog,0.004327086,0.0009672601005814715,2.2389382211215736
49,collabor,0.0043154713,0.002178456942497854,0.9926458174667138
49,diseas,0.0040810755,0.0013154640375167919,1.5532329037397121
49,third,0.004013882,0.0030564837221933937,0.6586245420586151
49,candidates,0.0039612083,0.0024131793735238916,0.8227252864256019
49,parti,0.0039337915,0.003040479920077982,0.6488699571668515
49,drug,0.0038267083,0.007037308257476928,0.27380057011596864
49,success,0.003746997,0.0034289358441520652,0.548252502076412
49,cancer,0.003697118,0.0011217210391802174,1.6498153414268717
49,delay,0.0035217702,0.002814486835660351,0.6274113934562527
